style,phase_factor,seed,v_fwd,v_lat,yaw_rate,gait_hz,cadence_steps_per_s,stride_m,lift_left_mm,lift_right_mm,base_height_m,pitch_mean_deg,pitch_std_deg,roll_std_deg,sway_rate_rms,action_rate_rms,joint_range_rms_rad,tau_sq,power_w,cost_of_transport,max_tilt_deg,fell
-1.0,0.7,0,0.05637975097051961,-0.0014628264064501391,-0.012564580169980391,1.3,2.6,0.04336903920809201,12.707461720095237,10.85902157301995,0.16141487076188885,4.463157193347952,0.8733866186585753,3.1071943803490973,0.44057140920825766,0.11034473776817322,0.20499518194514227,7.324658157512897,5.929809987140223,5.088093470103815,8.320083429509115,0.0
-1.0,0.7,1,0.054070150318262546,-0.0005323761413399276,-0.015572985137714641,1.2916666666666667,2.5833333333333335,0.04186076153671939,11.784427385080136,10.412358787578723,0.16120973656136436,4.303877422378148,0.8650608127504605,2.9461795717035466,0.4325781697395332,0.11067120730876923,0.20599232042982868,7.279219199020463,5.881671864305406,5.262361414402099,7.935353658917147,0.0
-1.0,0.7,2,0.05756748636235561,-0.003035926042215049,-0.013518221998241526,1.3,2.6,0.04428268181719662,12.81657687892141,10.729286475743244,0.16129161301171555,4.6257858958341265,0.9224085104480161,3.1233045474404406,0.44550001483258195,0.11012464761734009,0.20559522430055657,7.368803570821747,5.985844963798581,5.030204650397612,8.689927085509847,0.0
-1.0,0.7,3,0.05478911483790896,-0.0005741320603236867,-0.016371803032005056,1.2916666666666667,2.5833333333333335,0.042417379229348864,12.16837129846024,10.434027322938261,0.1613076490875096,4.392867238420965,1.003011944251062,3.041653177917817,0.43157268073952904,0.1100827157497406,0.20514509290687394,7.189574690887688,5.810869128056816,5.130790325914203,8.754827662019187,0.0
-1.0,0.7,4,0.05261969234056196,-0.0020935953125935476,-0.025661435333379865,1.3,2.6,0.04047668641581689,12.048003450564657,10.062916529382546,0.16113015449389312,4.291013287101058,0.8415493269178203,2.8664175890677352,0.42020926566827255,0.10963175445795059,0.206038596299789,7.168607487119732,5.761896580427885,5.297300517973104,8.039664840055423,0.0
-1.0,0.7,5,0.054730629171798266,-0.001446328191991127,-0.021795630046156096,1.3,2.6,0.042100483978306354,12.152788339344797,10.444951221254737,0.16114863875554072,4.534177031800637,0.862731081625933,3.057973540359019,0.4371378935138846,0.11033909767866135,0.20753127755567286,7.235480097854394,5.861838934948942,5.181325751858017,8.308376261517814,0.0
-1.0,0.7,6,0.055622941893613886,-0.0015051746310402005,-0.01254516299053492,1.2916666666666667,2.5833333333333335,0.04306292275634623,12.249251515219033,10.507822696323695,0.16130365646012051,4.4745208505524126,0.9005514543064678,3.075822576060272,0.4421893649952043,0.1089600920677185,0.20239982605694418,7.232652698274967,5.855293599693606,5.092513378338558,8.214378300729203,0.0
-1.0,0.7,7,0.048639664652533485,0.00021227965388055417,-0.020822382939882252,1.3,2.6,0.03741512665579499,10.63594393031835,9.418634049557435,0.16091399730465636,4.214754933378004,0.8516582451869955,2.75977207578534,0.4115073901311363,0.11036413162946701,0.2038442466018034,7.14975942184446,5.699819281495278,5.669019763549429,7.800216057899752,0.0
-1.0,0.7,8,0.0575938108780313,-0.0021848737930780025,-0.021089802374140872,1.3,2.6,0.04430293144463946,12.61331145429211,10.915661334258171,0.16134096293513545,4.681507239456219,0.9647066708007562,3.185952541650898,0.4468962650416803,0.10816799104213715,0.2071750740374981,7.294226435121096,5.927239263588268,4.978678696845265,9.135229991888131,0.0
-1.0,0.7,9,0.05715078780465063,-0.0023282495504134935,-0.017096413581444037,1.3,2.6,0.04396214446511587,12.759115378371247,11.239869773372876,0.16136852361935425,4.593347361246083,0.9889948485398841,3.210938093113746,0.44776375671003776,0.11072277277708054,0.20597405134871347,7.268294589525237,5.891110392504704,4.986690293871235,8.62837952603197,0.0
0.0,1.0,0,0.10534211632055929,0.0039169238623562915,0.010732452265638548,1.8499999999999999,3.6999999999999997,0.05694168449759962,13.741608856125476,12.34011841435647,0.16454814123710218,1.8039363683734237,0.6482644625138495,2.5634134282027308,0.4713072204089303,0.1281990110874176,0.20546894808832897,12.494975786240502,10.436345746347142,4.792740072491659,5.306549975116561,0.0
0.0,1.0,1,0.1080274907117254,0.005395969341520374,0.008753552933616777,1.8499999999999999,3.6999999999999997,0.058393238222554274,14.160547103742982,12.439202394880073,0.1647634804210782,1.7938830652136624,0.6316294861925091,2.6142802700551337,0.4730614011968649,0.12943744659423828,0.20888852422514428,12.556266085852279,10.51433720626891,4.708527050777542,5.596499804157146,0.0
0.0,1.0,2,0.10792431460947874,0.004362463926807897,0.007790561874235408,1.8499999999999999,3.6999999999999997,0.058337467356475,14.337745391683777,12.574520338553663,0.1647452173402842,1.847208344649239,0.6568078643552339,2.6222701440321257,0.47163614853134833,0.12863363325595856,0.20551016474079906,12.576107934631501,10.538419463112566,4.723823241020479,5.355402435424615,0.0
0.0,1.0,3,0.10788419093772317,0.004697043262327719,0.0052469843133701,1.8499999999999999,3.6999999999999997,0.05831577888525577,14.101918056197333,12.634087337071783,0.16473247569558186,1.7694466295962052,0.6780692665389638,2.643818395073641,0.47398301394815096,0.12994249165058136,0.20798857256072487,12.623521085671504,10.57873300124236,4.7436572734236035,5.7597656042604735,0.0
0.0,1.0,4,0.10865508641057647,0.0056410836987073444,0.008082427119434344,1.8499999999999999,3.6999999999999997,0.058732479140852153,14.5157600348966,12.705624131751843,0.16478740928684746,1.8378654757131256,0.6116018778671212,2.6252059942397437,0.47298853840519023,0.12863412499427795,0.20614487071697085,12.49105121462207,10.436473050884493,4.646662733242726,5.567338769815038,0.0
0.0,1.0,5,0.10531779075143659,0.004243677560233286,0.009110202805583405,1.8499999999999999,3.6999999999999997,0.05692853554131708,13.948561659788414,12.441288731041094,0.1647106951873432,1.8141004479902079,0.6665020856398236,2.600936682937551,0.4705739706463399,0.1281856745481491,0.20565586573012587,12.358985523153596,10.310658576431459,4.736113728729064,5.739266553439651,0.0
0.0,1.0,6,0.10690688237150898,0.00592490098738465,0.007535288877402693,1.8499999999999999,3.6999999999999997,0.057787503984599455,14.369518419870136,12.63648570999152,0.16487600675346106,1.7449581394187406,0.6230812190982468,2.5966075371084227,0.4710410018806247,0.12918072938919067,0.20706017657101725,12.482880765400601,10.442898425421193,4.725555257828952,5.2253661454269675,0.0
0.0,1.0,7,0.10683501011618783,0.00361369667297058,0.014894324933563127,1.8499999999999999,3.6999999999999997,0.05774865411685829,14.028063165968788,12.578708499372421,0.16477308018561035,1.6732080509903844,0.6599807506347086,2.6368665787555843,0.47600227976194165,0.12856167554855347,0.20725976892962902,12.586690175879184,10.526304252774855,4.766502006515904,5.365766246491149,0.0
0.0,1.0,8,0.10733235947852163,0.004275617766505922,0.0031048821070401495,1.8499999999999999,3.6999999999999997,0.05801749161001169,14.254472725531413,12.685002985902484,0.16470736135378575,1.897683691713205,0.6367826570399914,2.595610926845604,0.4693023608057014,0.12772469222545624,0.20837400212071117,12.484466412089406,10.444624622012736,4.707600675810936,5.344375230446422,0.0
0.0,1.0,9,0.10536401789575019,0.005686279119597664,0.009678569585282858,1.8499999999999999,3.6999999999999997,0.056953523186891994,13.914490090355901,12.329154363964811,0.16457737357519364,1.9186355411983431,0.6464592822795545,2.5793742029460796,0.4661507177551898,0.12829233705997467,0.2061206854077294,12.399657480412118,10.342177875119736,4.748507589018812,5.268403201712259,0.0
1.0,1.3,0,0.12378752232187878,0.004915566983913333,0.016411099651680503,2.408333333333333,4.816666666666666,0.05139966324783894,11.285819157872375,10.108099431589928,0.1646036656794968,1.0556473893277862,0.5517062391251353,1.8831570758586815,0.44427345169589644,0.15340299904346466,0.17236437827531306,13.367770330531178,9.985769519504412,3.902492925845748,3.8226400627051063,0.0
1.0,1.3,1,0.12437441491657933,0.00799250342244435,0.002768100552007596,2.408333333333333,4.816666666666666,0.051643355674704225,11.356918953163962,9.769671114748789,0.16466912241661935,1.0120759802822896,0.5878703574265147,1.8994055930936535,0.4445297588408974,0.1522984355688095,0.17076220040937257,13.380010222067499,10.01166192832208,3.8941491567864572,3.9166892254444776,0.0
1.0,1.3,2,0.12122069365993571,0.0043074598882819155,0.015044822865853376,2.408333333333333,4.816666666666666,0.05033385203872763,11.205191171840276,9.883591934961451,0.1645428103195337,1.0421972704710618,0.5822777459897767,1.8735771809893769,0.44384099634829766,0.15268540382385254,0.1726433962777836,13.421871697337124,9.9992872269051,3.9905222406535557,3.682417006121752,0.0
1.0,1.3,3,0.12442116595335528,0.007249855886136086,0.007378623359430982,2.408333333333333,4.816666666666666,0.05166276786990531,11.516915473150675,9.889442311672987,0.16467618342189677,1.0355159575243167,0.6020924187949657,1.8738735605625834,0.4430238789967035,0.15398842096328735,0.17383978964695626,13.401968370892138,9.996597049727379,3.8868284838266307,3.7302413506605503,0.0
1.0,1.3,4,0.12394772657504738,0.005552079250271951,0.006243417529085589,2.408333333333333,4.816666666666666,0.051466184045002375,11.59500779264756,9.892158109894005,0.1645143570126789,1.117731275780481,0.5982759405682385,1.8659261819692938,0.4441878067660066,0.15183711051940918,0.1706096305196952,13.362103957363555,9.968094603393423,3.890550371382288,3.5791601492956713,0.0
1.0,1.3,5,0.12440897481138302,0.007259152812168527,0.010067538922266462,2.408333333333333,4.816666666666666,0.051657705804034476,11.515261334820046,10.166087390189375,0.16456630197956815,1.0996305765968013,0.5948887654042169,1.9090806775429525,0.45164823706876683,0.1541244089603424,0.1724513271079661,13.378188671915927,9.962309035583964,3.873876357606625,4.121898098374767,0.0
1.0,1.3,6,0.12413152611536163,0.005742318710063155,0.009654887885757949,2.408333333333333,4.816666666666666,0.05154250219322974,11.281525871531338,9.767180538687311,0.16464863865142457,0.9336656249648796,0.5611824122369772,1.8831333576766265,0.44837183767570327,0.15242928266525269,0.17250906373438507,13.473137993833106,10.065973172395784,3.9229351667300323,3.6681982978464656,0.0
1.0,1.3,7,0.12418698480937287,0.005904752151415077,0.013588161701064815,2.408333333333333,4.816666666666666,0.0515655300246531,11.369348875213635,9.818829669849968,0.16468021974863706,1.004096463296426,0.5890660436211053,1.8650574593106741,0.44177880230182404,0.15383611619472504,0.17181498775190351,13.444395843440244,10.022205448475642,3.9041336405608584,3.74265653021105,0.0
1.0,1.3,8,0.1236715073224517,0.005622177488462422,0.008474743891151503,2.408333333333333,4.816666666666666,0.05135149092973774,11.385014908291305,10.009931316426506,0.1645947635896496,1.1345362101454344,0.6185462313192783,1.8732420049424323,0.4426739921203606,0.1533190757036209,0.17003191830212275,13.318994831969375,9.910973547207746,3.8768957223531593,3.774112077999927,0.0
1.0,1.3,9,0.12278584385458781,0.005361643199214113,0.004663860504920436,2.408333333333333,4.816666666666666,0.050983741392908434,11.449557509480314,9.850532983591567,0.16456255055861763,1.1013787223198228,0.6101965257242584,1.899053749038158,0.4484501910346867,0.1524290293455124,0.1730167465866421,13.3627277375033,9.968207268809897,3.9274097804463697,4.026292262936235,0.0
