style,magnitude,direction_deg,fell,max_tilt_deg
-1.0,0.3,0,0.0,13.254928213528455
-1.0,0.3,45,0.0,9.248375384150762
-1.0,0.3,90,0.0,7.275246562667881
-1.0,0.3,135,0.0,9.144993559020213
-1.0,0.3,180,0.0,8.495813504706023
-1.0,0.3,225,0.0,8.372487645578204
-1.0,0.3,270,0.0,7.884544033167382
-1.0,0.3,315,0.0,10.863548885034925
-1.0,0.6,0,0.0,16.868951472400955
-1.0,0.6,45,0.0,15.858867954863918
-1.0,0.6,90,0.0,7.602652277765788
-1.0,0.6,135,0.0,7.926185257745898
-1.0,0.6,180,0.0,12.191715797606072
-1.0,0.6,225,0.0,7.934208685597006
-1.0,0.6,270,0.0,9.369808175122794
-1.0,0.6,315,1.0,179.68436130413085
-1.0,0.9,0,1.0,179.5143218069447
-1.0,0.9,45,0.0,16.45280654913867
-1.0,0.9,90,0.0,14.454469675045392
-1.0,0.9,135,1.0,178.75311597425429
-1.0,0.9,180,1.0,178.49779753246656
-1.0,0.9,225,0.0,22.757002358126584
-1.0,0.9,270,1.0,178.32594966262124
-1.0,0.9,315,0.0,21.378317548924958
0.0,0.3,0,0.0,6.545140413754609
0.0,0.3,45,0.0,7.199688533838793
0.0,0.3,90,0.0,7.067724938940706
0.0,0.3,135,0.0,6.660696482878489
0.0,0.3,180,0.0,5.134994203749943
0.0,0.3,225,0.0,5.292559191171137
0.0,0.3,270,0.0,5.222149025116809
0.0,0.3,315,0.0,8.166375144461995
0.0,0.6,0,0.0,13.611282921219894
0.0,0.6,45,0.0,13.914851673414516
0.0,0.6,90,1.0,179.1292474450745
0.0,0.6,135,0.0,14.860521159758784
0.0,0.6,180,1.0,178.5239879145452
0.0,0.6,225,0.0,6.568879812401734
0.0,0.6,270,0.0,5.806441025685957
0.0,0.6,315,0.0,11.90282477973883
0.0,0.9,0,1.0,178.4533258647231
0.0,0.9,45,1.0,179.50570440738147
0.0,0.9,90,1.0,178.82713898240334
0.0,0.9,135,1.0,178.94049070377443
0.0,0.9,180,1.0,179.3067940380475
0.0,0.9,225,1.0,179.02035240884192
0.0,0.9,270,0.0,6.4809582903573775
0.0,0.9,315,0.0,14.66400378134026
1.0,0.3,0,0.0,7.814560083343086
1.0,0.3,45,0.0,6.2059931884109805
1.0,0.3,90,0.0,4.329147245069687
1.0,0.3,135,0.0,3.7825429577834226
1.0,0.3,180,0.0,6.036522913279182
1.0,0.3,225,0.0,4.193821215080953
1.0,0.3,270,0.0,3.95874407355928
1.0,0.3,315,0.0,5.200792092336254
1.0,0.6,0,0.0,15.392833830131957
1.0,0.6,45,0.0,14.506300251227993
1.0,0.6,90,0.0,7.28614254982541
1.0,0.6,135,0.0,4.127374568967437
1.0,0.6,180,1.0,177.94770730628505
1.0,0.6,225,1.0,179.18280590373368
1.0,0.6,270,0.0,11.699247367485837
1.0,0.6,315,0.0,9.059477779613468
1.0,0.9,0,1.0,179.55898063496062
1.0,0.9,45,0.0,19.097574043497627
1.0,0.9,90,0.0,15.091990538622921
1.0,0.9,135,1.0,177.9084562472366
1.0,0.9,180,1.0,177.57992739697067
1.0,0.9,225,1.0,179.28480144078551
1.0,0.9,270,1.0,177.44341982095025
1.0,0.9,315,1.0,178.66240029803723
