command_vx,style,phase_factor,seed,v_fwd,v_lat,yaw_rate,gait_hz,cadence_steps_per_s,stride_m,lift_left_mm,lift_right_mm,base_height_m,pitch_mean_deg,pitch_std_deg,roll_std_deg,sway_rate_rms,action_rate_rms,joint_range_rms_rad,tau_sq,power_w,cost_of_transport,max_tilt_deg,fell
0.0,-1.0,0.7,100,5.287608170496926e-06,-1.3587594467739176e-06,-0.00010492169778841806,1.3,2.6,4.0673909003822505e-06,0.03778619602525478,0.02708581001593718,0.16549044630593468,-1.9284693570421094,0.045306421453575725,0.07589220526082993,0.01077466209670414,0.02276720106601715,0.007872517578502332,0.7222925595681542,0.018124732720105147,nan,5.556003516613153,0.0
0.0,-1.0,0.7,101,-1.8116491530751944e-07,3.0075426471228547e-06,3.432756718640012e-05,1.2916666666666667,2.5833333333333335,-1.4025670862517634e-07,0.03871350455391526,0.029156074549173926,0.16547383187924605,-1.909624755391541,0.035570834054782695,0.07540856932008687,0.01116958691144055,0.022379575297236443,0.008190047607423034,0.7297048040848733,0.019537060105381383,nan,5.606948058616516,0.0
0.0,-1.0,0.7,102,6.237656326001294e-06,3.5320134111691456e-06,0.00012637933015631443,1.3083333333333333,2.6166666666666667,4.767635408408632e-06,0.035729444231006546,0.027298258777873948,0.1654743369718448,-1.9170497845593581,0.033525924484667825,0.07283579701195154,0.010864142314874078,0.022718584164977074,0.007070362106941621,0.7298522526730188,0.018212401652723465,nan,5.554428199252908,0.0
0.015,-1.0,0.7,100,7.205708850022923e-06,-1.8406963802828995e-06,-6.910162794812221e-05,1.3,2.6,5.542852961556095e-06,0.03329232470970778,0.02668563962147496,0.16527607729443344,-1.7097004233013244,0.049228248814113924,0.06437070524157958,0.009617957961208543,0.022913698107004166,0.00784275975053889,0.730785036381291,0.01692209760007653,nan,5.4449601537217225,0.0
0.015,-1.0,0.7,101,-3.1291522529160476e-06,3.0286690569839523e-06,5.319377368123529e-05,1.2916666666666667,2.5833333333333335,-2.422569486128553e-06,0.037084761802640226,0.028327000222298174,0.16525827506924884,-1.6899580335277318,0.03841238893798527,0.06110699791469695,0.009746777642274695,0.022460343316197395,0.008660126459424529,0.7383942651311511,0.017936946858006106,nan,5.4765345778623535,0.0
0.015,-1.0,0.7,102,8.742490300217534e-06,3.2011781120295027e-06,0.00011924064517257172,1.3083333333333333,2.6166666666666667,6.682158191249071e-06,0.034656131939097765,0.02625049427701061,0.16526567073882595,-1.7084802293646006,0.03180208177342725,0.06316615009085018,0.009879716474566314,0.02273300290107727,0.007474257173023972,0.7377931973831096,0.01737800514494957,nan,5.458426085727264,0.0
0.03,-1.0,0.7,100,8.669874412855587e-06,-6.5297435090930225e-06,-1.8056245406234333e-05,1.3,2.6,6.669134163735067e-06,0.031151693832076957,0.026677187022189526,0.16500007885671816,-1.443852024543833,0.05028341211322719,0.057783974366681486,0.00935544186057145,0.023588769137859344,0.008370637676449482,0.7433298685499551,0.017525845279404546,nan,5.293088405218993,0.0
0.03,-1.0,0.7,101,-4.540429749574069e-06,-8.62047331641218e-07,3.9043719661546256e-05,1.2916666666666667,2.5833333333333335,-3.5151714190250853e-06,0.035702481312474554,0.025932752815184968,0.1649751538938193,-1.4193760136310507,0.041991935282278535,0.05287494187150623,0.009199993981480284,0.02301548607647419,0.00948222663410495,0.7518929058429193,0.01811742244067503,nan,5.296983378313859,0.0
0.03,-1.0,0.7,102,9.318095776262988e-06,-9.52126579786966e-08,0.00013222468634847527,1.3083333333333333,2.6166666666666667,7.122111421347507e-06,0.03610693478161946,0.02708860265903572,0.16498744754053046,-1.444551236140159,0.03443522826828329,0.055659198326358954,0.009357356531154775,0.023191822692751884,0.008580668919414917,0.7519246667475092,0.01769074560453085,nan,5.308765352076497,0.0
0.045,-1.0,0.7,100,9.754006015149084e-06,-1.0245458679401968e-05,7.682014184722235e-06,1.3,2.6,7.50308155011468e-06,0.03471382964401887,0.028991307066034838,0.1646040871205557,-1.0846149660169517,0.058138173007137445,0.05815953158874877,0.010009846084806082,0.02514016069471836,0.0097512719471858,0.7673074316757436,0.020295943052085118,nan,5.092924547015319,0.0
0.045,-1.0,0.7,101,-9.130480470975727e-06,4.749755089634137e-06,2.9399961593558104e-05,1.2916666666666667,2.5833333333333335,-7.068759074303788e-06,0.04108736367191071,0.022811384525853618,0.16459124033738304,-1.0762102338362052,0.05362810991444207,0.04937484762168043,0.009559592079459646,0.02441498637199402,0.010733707388261406,0.77251257074694,0.020460434105038644,nan,5.065321672253246,0.0
0.045,-1.0,0.7,102,8.94733508531125e-06,-9.427638886559583e-07,0.00013914623810555682,1.3,2.6,6.882565450239423e-06,0.03906147364813109,0.027870194665487874,0.1646048498712006,-1.094746866905727,0.0449742405552056,0.05433918931098466,0.009913312683301239,0.024426493793725967,0.010164641750808038,0.7726290229884457,0.020456727202206235,nan,5.094411010150093,0.0
0.06,-1.0,0.7,100,2.988142617218937e-06,-2.1243828040651743e-06,2.9343151611323153e-05,1.3,2.6,2.298571244014567e-06,0.03680399200333296,0.02919769179985602,0.16401535395524733,-0.5667847322183107,0.08431611780727995,0.07180536532146164,0.01278108494547742,0.02835061028599739,0.01376044865556199,0.8081344621854425,0.029375717562690657,nan,4.799528131999827,0.0
0.06,-1.0,0.7,101,-1.2871586804892986e-05,6.779560094832769e-06,2.5242359466734956e-05,1.2916666666666667,2.5833333333333335,-9.965099461852634e-06,0.045514551589419944,0.02294807916448016,0.16400791765318015,-0.5631121462888327,0.08636799121924293,0.057602017173616495,0.011890482427604798,0.027426281943917274,0.013334694090360005,0.8077203176444909,0.028527520255077415,nan,4.737006333477821,0.0
0.06,-1.0,0.7,102,7.683678280765774e-06,3.449735579282164e-06,0.0001615343313319764,1.3,2.6,5.910521754435211e-06,0.03658771248151501,0.027179743394738567,0.16402008321342426,-0.5700836076257422,0.07400250361227777,0.06303765116677774,0.012649587725988877,0.02723635919392109,0.013235247735672058,0.8087288060602279,0.02918593393403943,nan,4.783973766575055,0.0
0.075,-1.0,0.7,100,-2.3924584951374e-05,1.643865096197191e-05,3.448778597136591e-05,1.2916666666666667,2.5833333333333335,-1.8522259317192773e-05,0.04853306685647729,0.043671721770443664,0.16277408594213874,0.48408655454540267,0.21091909268995393,0.15593545957718774,0.027031216909600746,0.03628283366560936,0.029873027076567794,0.9476136976674921,0.07536537984849072,nan,4.384694114655315,0.0
0.075,-1.0,0.7,101,-2.5896324309397094e-05,3.973440274012745e-05,6.515324049733837e-05,1.2916666666666667,2.5833333333333335,-2.004876720727517e-05,0.04592438080220111,0.03928998641547152,0.1627637396141286,0.5126403636291533,0.20724218653472282,0.1242654703076431,0.023858506410239216,0.03497475013136864,0.022188419798198983,0.9309958744013058,0.0684100632087811,nan,4.285526419509057,0.0
0.075,-1.0,0.7,102,-1.642594398737901e-07,1.5777645011549195e-05,0.0002528803784810892,1.3083333333333333,2.6166666666666667,-1.255486164640434e-07,0.04632855624851295,0.0443730828201816,0.16282219409429483,0.4649597790775832,0.20734497565829507,0.15310563421392248,0.027070804164772196,0.034683119505643845,0.03238164523502878,0.9341793946065888,0.07664673943671826,nan,4.372708841609892,0.0
0.09,-1.0,0.7,100,0.00816349358922758,-0.0010066785870822704,-0.03138709941701872,1.3,2.6,0.006279610453251985,4.263929612621753,1.1271097444577978,0.15918903440842477,3.7682439902838913,0.7138585291522742,2.021778812583941,0.26975758160697316,0.09320392459630966,0.1659287398887547,4.649316693464814,3.184985829762263,18.874215324838477,5.885503217227109,0.0
0.09,-1.0,0.7,101,0.008697597780519392,-0.0018704017878417936,-0.02070079490622839,1.3,2.6,0.0066904598311687625,4.161018552736316,1.657139238300351,0.15920502603639292,3.6706448117602206,0.6359530386173852,2.017552329635708,0.2765418266083649,0.09820596128702164,0.16352785741102724,4.894155103405996,3.4207856813214264,19.026723312610116,5.8978612034830835,0.0
0.09,-1.0,0.7,102,0.009010637251141202,-0.0008614074110033876,-0.02643316067767296,1.3,2.6,0.00693125942395477,4.390664989384244,1.695639407178462,0.15938678125217484,3.6713430643942306,0.8068642913139683,1.945866089170349,0.27125321107597766,0.09491575509309769,0.1632902938855312,4.814649059451629,3.367184456505582,18.077936584781007,5.897433615505465,0.0
0.105,-1.0,0.7,100,0.015931024741538333,0.001461974432485991,-0.02170773473727944,1.3,2.6,0.012254634416567947,5.045672274147687,3.4675079224639034,0.15967352193447437,3.4833703931502975,0.6637275741438541,1.9187937261633286,0.30012389776800896,0.1025698333978653,0.17226353268033684,5.79846936229532,4.267273838702796,12.958187449472385,5.376546290568885,0.0
0.105,-1.0,0.7,101,0.01676770800477799,0.00048237764309788477,-0.008981654075895313,1.2916666666666667,2.5833333333333335,0.012981451358537798,5.058759061937434,3.8800050543876514,0.15978731288534942,3.441534444298537,0.6648405168395276,1.9837625185550014,0.3098207884015668,0.10660888254642487,0.17236878390169857,5.844919787203844,4.297822384641145,12.399729693993343,5.536259235408098,0.0
0.105,-1.0,0.7,102,0.019161691320785934,0.0032177596606260224,-0.010366767514291476,1.3,2.6,0.014739762554450718,5.451668096422757,4.682624345780096,0.16028832740256282,3.383302494839773,0.7454112147739552,2.1066019250646377,0.32238001237331737,0.10402346402406693,0.18160690834381618,5.8081572492963,4.345614319367336,10.971216783313501,6.233026371184271,0.0
0.12,-1.0,0.7,100,0.027769071101581867,0.00394073204156632,-0.011186083727967616,1.3,2.6,0.021360823924293743,6.571939854784219,7.0791069149095955,0.16028054548092122,3.8173129693936523,0.6837975293384378,2.3015825265339265,0.34955010105805334,0.10650384426116943,0.1872749854510422,6.391467571198332,4.894755640831757,8.527213170612438,7.0343194269964,0.0
0.12,-1.0,0.7,101,0.03146734662566327,0.0035467551259815537,-0.005434239959609549,1.2916666666666667,2.5833333333333335,0.024361816742448982,7.869640951752209,8.980448900565783,0.16052947743709955,4.08875323157413,0.8647777946191377,2.5991906506980453,0.3790936630568859,0.1075916662812233,0.19018552709040473,6.404296965945146,4.966307080929576,7.6350327196050864,7.530357573946076,0.0
0.12,-1.0,0.7,102,0.029873232937459613,0.004579121773953553,-0.005307877797051909,1.3,2.6,0.02297940995189201,7.2892242650843135,7.343840650356459,0.16070883912431744,3.7040184108261576,0.6827865490877134,2.4004522656110696,0.36355214059045793,0.10590025037527084,0.1876369795401196,6.334923058489306,4.913953475643931,7.957676352905243,5.908764847505659,0.0
0.135,-1.0,0.7,100,0.04505727751636249,0.0006126912077394958,-0.025500090938431873,1.2916666666666667,2.5833333333333335,0.034883053561054825,10.989281963974934,9.83246625730083,0.16089494631973064,4.400678555405587,0.9468677595932835,2.8527746241905514,0.4089738696983971,0.1083252876996994,0.1984554842425318,6.889751311844336,5.4906652513610315,5.89518552213457,8.533281825810684,0.0
0.135,-1.0,0.7,101,0.04306020562217188,0.0022654187011308287,-0.01615012929154831,1.2916666666666667,2.5833333333333335,0.03333693338490726,9.503506878917817,9.86940626237413,0.16069931999941742,4.22569689807477,0.8016388834000537,2.7713358722912362,0.40503282846930266,0.10944800823926926,0.19851403460711242,6.860697870513998,5.438958612642108,6.110505110689947,9.111513245321566,0.0
0.135,-1.0,0.7,102,0.04571134655028834,0.0023662992372011984,-0.017014257205042724,1.2916666666666667,2.5833333333333335,0.035389429587320005,10.740591330180527,8.99226185058824,0.1611616613104203,4.178141171181827,0.8433808476783473,2.830707071932771,0.41375805118307646,0.1072952002286911,0.19780062609185442,6.844405507643128,5.49593586210562,5.816411145494276,8.13309753207863,0.0
0.15,-1.0,0.7,100,0.05548753754150539,-0.0023207293245782715,-0.03187890382127013,1.3,2.6,0.042682721185773376,13.032962895389044,10.495724959958386,0.16119855244935583,4.564757131392545,0.846748327433115,3.049731194960132,0.4346220985541217,0.10821062326431274,0.2053851694120235,7.331409670514833,5.955877896637202,5.1926349320379614,7.830836933061593,0.0
0.15,-1.0,0.7,101,0.05505282146304424,-0.001359340544687968,-0.018181543477851524,1.3,2.6,0.04234832420234172,12.062811633599331,10.476354999172553,0.16118538608456817,4.4990826778809,0.8822082996260862,3.0809521952283667,0.4383719340423855,0.10830908268690109,0.2052178694439541,7.253815046498987,5.905767787686742,5.189604267985812,8.096432881741414,0.0
0.15,-1.0,0.7,102,0.056892709604758396,-0.0019878581273994234,-0.030718943082847967,1.3,2.6,0.04376362277289107,12.971458432122573,10.356583620861237,0.16143945167254442,4.4283328150124825,0.9726367429987217,3.067571942418209,0.43957154650773345,0.10841858386993408,0.20541536970940885,7.281271530453022,5.948366236325577,5.057996663792302,7.754305947716946,0.0
0.0,0.0,1.0,100,1.6138965367815302e-06,-7.5033518487781385e-06,-0.00015016975733957998,1.8499999999999999,3.6999999999999997,8.723765063683948e-07,0.028286068060272024,0.0179412838783549,0.1654740979578693,-1.9139466151307984,0.03695278493636381,0.0612356596927625,0.011377631453242698,0.023015888407826424,0.006265117368788468,0.7310726334229223,0.018976159230916334,nan,5.517373446725954,0.0
0.0,0.0,1.0,101,1.1760524153159781e-06,-1.9496246614811515e-06,-1.4814541858771068e-05,1.8499999999999999,3.6999999999999997,6.357040082789071e-07,0.03036231726350966,0.018876314442597096,0.16548544372048346,-1.9359910684674322,0.0417868108065448,0.06664264862860235,0.011917425026740288,0.02255346067249775,0.007276954811585778,0.7355815088184333,0.0204774813476532,nan,5.553251517711623,0.0
0.0,0.0,1.0,102,6.229600182230013e-06,4.575096383498747e-07,9.742890701929102e-05,1.8499999999999999,3.6999999999999997,3.3673514498540613e-06,0.028444771397051136,0.018411774251543382,0.16548043550097455,-1.910981409537131,0.031100024138601346,0.06354463199892665,0.010658908267390731,0.022579099982976913,0.0067973035504704845,0.7272338230580896,0.018713605896219742,nan,5.4999155215565905,0.0
0.015,0.0,1.0,100,3.0758249702815046e-06,-5.693936340536679e-06,-0.00011163768405222345,1.8499999999999999,3.6999999999999997,1.6626080920440566e-06,0.026965059813069316,0.017385142887208112,0.1652604639355219,-1.696729441931772,0.03812278092536732,0.05324358332572261,0.01003675763226209,0.023187370970845222,0.006447120394171215,0.7400038649626034,0.017978727972912698,nan,5.397668669872744,0.0
0.015,0.0,1.0,101,4.792760095609351e-06,9.564320216169353e-07,-6.123305596950309e-06,1.8499999999999999,3.6999999999999997,2.5906811327618115e-06,0.027217351932456654,0.018651541627680377,0.16527882501543567,-1.7193293178381204,0.041835565782480016,0.05582943355991862,0.010199703198370347,0.02259891666471958,0.007398066003657901,0.7414359499483328,0.019188777648597548,nan,5.448560691843256,0.0
0.015,0.0,1.0,102,2.3303890891844316e-06,5.134630213266336e-07,0.0001021621682215561,1.8499999999999999,3.6999999999999997,1.2596697779375307e-06,0.02645586506068746,0.017465714920235787,0.165260894470316,-1.6920370849446411,0.02970209487022079,0.05539896058908879,0.009384425976879962,0.022580914199352264,0.007075047831728355,0.7371170828366048,0.017898033302222026,nan,5.394903479542247,0.0
0.03,0.0,1.0,100,6.103915521597186e-06,-7.649264154413457e-06,-9.868574325111248e-05,1.8499999999999999,3.6999999999999997,3.299413795457939e-06,0.025866180073238695,0.01601027263595494,0.16497803172755934,-1.424517000530399,0.03608822785224821,0.0484345095639702,0.009511389061403945,0.02382870577275753,0.007093338470973612,0.754462661812548,0.018707027088359713,nan,5.23775442570138,0.0
0.03,0.0,1.0,101,8.59307324081053e-06,-5.763996141283973e-06,-1.4355081739286318e-05,1.8499999999999999,3.6999999999999997,4.644904454492179e-06,0.02549870409428341,0.018192300093046974,0.16500491915784893,-1.4500621397075162,0.044127631815492334,0.05173525166297113,0.009612783733137668,0.023147255182266235,0.00802335357291179,0.7518368747211995,0.01978456593089262,nan,5.2838148477377604,0.0
0.03,0.0,1.0,102,1.3493554624931694e-06,-1.8455620419438162e-06,0.00011736953636505241,1.8499999999999999,3.6999999999999997,7.29381331077389e-07,0.024959944553321588,0.01826317163217822,0.16499362748182275,-1.4373824175137528,0.02723481118078664,0.04851133493791598,0.008673655612827074,0.023030545562505722,0.007731576483701514,0.7481390803444252,0.018442623779000706,nan,5.246972641661201,0.0
0.045,0.0,1.0,100,6.574817202496299e-06,-9.865988699943154e-06,-9.600570711965027e-05,1.8499999999999999,3.6999999999999997,3.5539552445925945e-06,0.02660577335382528,0.016212727982273245,0.16460990781278384,-1.0910728757380794,0.039531899229719086,0.04521572541469834,0.009756836369442823,0.025305453687906265,0.008425292256651298,0.7737918660805834,0.021415220295171025,nan,5.013303685672819,0.0
0.045,0.0,1.0,101,1.096478865387207e-05,-7.12985066605491e-06,-5.0783147895722134e-06,1.8499999999999999,3.6999999999999997,5.926912785876795e-06,0.02542860015237623,0.018533074054875778,0.1646169870057495,-1.0949661195574014,0.04826711776882571,0.0522242753882963,0.009883537061474811,0.02457636035978794,0.00941182436687793,0.7722646086087008,0.022685327511298595,nan,5.077104001620265,0.0
0.045,0.0,1.0,102,1.2443917016530058e-06,2.501168382123257e-06,0.00013507807580247544,1.8499999999999999,3.6999999999999997,6.726441630556789e-07,0.02706490940000564,0.020876757697532722,0.16460947308081786,-1.0895815278695025,0.03589648987835604,0.04702241732305559,0.008873324078028,0.024254675954580307,0.009058541078616656,0.7694682670794813,0.021181415821927105,nan,5.031924845425532,0.0
0.06,0.0,1.0,100,3.6856176046526645e-06,-1.529577498478401e-05,-7.304621856263632e-05,1.8499999999999999,3.6999999999999997,1.9922257322446836e-06,0.03145966048540526,0.023346357070524234,0.16404123185595892,-0.5882277054562084,0.057976403131177925,0.047506655578004146,0.011515359579161675,0.028349928557872772,0.011442204662518218,0.809586239762894,0.030009273505753994,nan,4.71477244723263,0.0
0.06,0.0,1.0,101,1.253587952010718e-05,-7.052516063244516e-06,1.7298203680992736e-05,1.8499999999999999,3.6999999999999997,6.776151091949827e-06,0.026719091025289004,0.018645618741993265,0.1640143763722664,-0.5596490169941211,0.07378237290414598,0.05556625433063607,0.012000693804797895,0.027692744508385658,0.011673469587416946,0.8105273350150666,0.03139702131825309,nan,4.75790917656023,0.0
0.06,0.0,1.0,102,-1.1399640808413085e-06,1.1498453666841263e-06,0.00017072571011886583,1.8499999999999999,3.6999999999999997,-6.161968004547614e-07,0.026268541974794335,0.019244225944928858,0.16403734814505416,-0.580742891101993,0.049429504795275185,0.050936898001706456,0.010900589940328583,0.026984378695487976,0.01139062534595411,0.8046756776563501,0.029813505002668328,nan,4.737625253403879,0.0
0.075,0.0,1.0,100,-2.1402586034242888e-07,5.523972850593917e-06,-5.5973092880403625e-05,1.8499999999999999,3.6999999999999997,-1.1568965423915075e-07,0.040071013497146576,0.03310920052393418,0.16287886712660984,0.4157142213521554,0.13179648530772278,0.0930216733612342,0.020852381100072218,0.035477615892887115,0.019873245344033993,0.9260984131948504,0.06992599266725591,nan,4.264286987193974,0.0
0.075,0.0,1.0,101,1.564092836087987e-05,1.2136240727457869e-05,4.7209316999244855e-05,1.8499999999999999,3.6999999999999997,8.454555870745876e-06,0.05200689944287809,0.03905937554848655,0.16275414777124483,0.5155754235726252,0.1792664670877932,0.10556197043855468,0.02299086020507346,0.03539459407329559,0.020496176971703164,0.9420265627688914,0.07708615742600126,nan,4.319098591491783,0.0
0.075,0.0,1.0,102,-1.97832960541533e-06,-1.812366166762211e-06,0.0001768363445839171,1.8499999999999999,3.6999999999999997,-1.0693673542785568e-06,0.03407262888706396,0.02875638452991703,0.16288162345088233,0.4092169169809229,0.12377460728059715,0.09099100752899289,0.020438561256088093,0.034055501222610474,0.019232078240210188,0.9208956703261801,0.07070026610212328,nan,4.274251408832231,0.0
0.09,0.0,1.0,100,0.04889506974343862,0.006982863059591346,-0.006454469125561135,1.8499999999999999,3.6999999999999997,0.026429767428885743,8.086669888874768,8.280763543566792,0.16337818710978594,1.323021014153411,0.49479632866529183,2.1487536347210012,0.41341409346922103,0.12032078951597214,0.16840922936130037,9.538475292732695,7.444185067461192,7.365284862330254,4.499760262475525,0.0
0.09,0.0,1.0,101,0.052898238952898184,0.007628171898289016,-0.00722054173589686,1.8499999999999999,3.6999999999999997,0.028593642677242265,8.576310272181333,9.008271096460081,0.16368218731659984,1.361260163358249,0.45371359134764333,2.205860044592497,0.4141394321182337,0.1190652921795845,0.17410140250577014,9.645118325607887,7.577570874553733,6.92988854711311,4.330794603024431,0.0
0.09,0.0,1.0,102,0.05067716205684576,0.006383915785819147,-0.007118137698422064,1.8499999999999999,3.6999999999999997,0.02739306057126798,8.148676909336093,8.540684575596435,0.16364933953844302,1.3364027194716275,0.5159560501204162,2.186386178089814,0.41281285072524976,0.11899610608816147,0.16948694057560248,9.547088192975318,7.501823598885158,7.161302489167011,4.314836676710624,0.0
0.105,0.0,1.0,100,0.06752843766247353,0.010335903744748213,-0.006839357489959617,1.8499999999999999,3.6999999999999997,0.036501858195931644,10.55971900671528,10.082153269853029,0.16398719115256125,1.4493545143014956,0.4686072397110819,2.322979935749829,0.44221402461902787,0.12169136852025986,0.18191723502895593,10.520831483705473,8.473690033273572,6.070484134864133,4.284865000260143,0.0
0.105,0.0,1.0,101,0.07127456204767432,0.01051535761895506,-0.004088984706841142,1.8499999999999999,3.6999999999999997,0.03852679029604018,11.001699252326217,10.526759815472163,0.1642366643244082,1.417966944229792,0.47265371100359743,2.327970665136996,0.4442158139569097,0.12026581913232803,0.18448664722037422,10.60315355921684,8.586277856320956,5.82784292393217,4.471664208007236,0.0
0.105,0.0,1.0,102,0.06877873101033169,0.00945490246749151,-0.0030870402050352866,1.8499999999999999,3.6999999999999997,0.037177692438017135,10.347325781461407,10.179325000573764,0.1641636516574789,1.4124588673708451,0.5141724227219728,2.312545575755846,0.4406169494538685,0.1203264370560646,0.18229524240507616,10.515278516839059,8.508287038516283,5.984466376015428,4.788678815229868,0.0
0.12,0.0,1.0,100,0.08217449575104974,0.009366975830010055,-0.0019245524194704301,1.8499999999999999,3.6999999999999997,0.04441864635191878,12.135506122705321,11.084520173933816,0.16433895557530812,1.550835604203828,0.5452294476351229,2.4242759347669187,0.45484688757493424,0.12332691997289658,0.1931172255303292,11.298726714369154,9.271185144461395,5.458026791055887,4.644383553289314,0.0
0.12,0.0,1.0,101,0.08581647327783805,0.0089154385261245,-0.0021472016513214794,1.8499999999999999,3.6999999999999997,0.04638728285288544,12.431542900396831,11.597002388654872,0.16454950151298864,1.509544400543573,0.5555689488203092,2.462539144046318,0.4572362681005491,0.12299497425556183,0.19377288334253798,11.397953064931801,9.390029205423117,5.293388105995109,4.940295367654471,0.0
0.12,0.0,1.0,102,0.08376777657848697,0.008955033435060173,-0.0008516135791524419,1.8499999999999999,3.6999999999999997,0.045279879231614584,12.16099015356044,11.324610539853715,0.16452155272537441,1.4839678478518232,0.5612293566115493,2.4353680170282113,0.4572355610575544,0.1218477264046669,0.19142104800958248,11.299828532509487,9.325825510245183,5.38576939450568,4.845806460794693,0.0
0.135,0.0,1.0,100,0.09477929102388005,0.007567566661789414,0.0012392399884439574,1.8499999999999999,3.6999999999999997,0.05123204920209733,13.285194874871404,11.799468729268513,0.1645372533075426,1.6805899267806759,0.6088787301883786,2.500914311208079,0.46534055553461784,0.12612181901931763,0.19908353044879992,11.963928239306542,9.926713925527103,5.066750365206719,5.052647584671805,0.0
0.135,0.0,1.0,101,0.09781750913314215,0.0063420281265129125,-0.00010316853939385758,1.8499999999999999,3.6999999999999997,0.05287432926115792,13.535680698673065,12.04921664860326,0.16472328164183414,1.6223270227847737,0.6244294278591223,2.5372291607615645,0.46382029148304876,0.1260436326265335,0.20052484654735256,11.979488250292569,9.957213367469294,4.924460642743376,5.147146718210718,0.0
0.135,0.0,1.0,102,0.09604551037409213,0.006659697576144653,0.0010755427913240409,1.8499999999999999,3.6999999999999997,0.05191649209410386,13.31656631195858,11.775964742617578,0.16470735704417747,1.6337516286653562,0.6475487173130575,2.5331665052998225,0.4633944720233244,0.12448224425315857,0.20006573830450436,11.954229442459688,9.953633634040736,5.013511780471007,5.362679770995484,0.0
0.15,0.0,1.0,100,0.10704909948001781,0.00519637122474901,0.0048888773102253235,1.8499999999999999,3.6999999999999997,0.05786437809730693,14.33830269246601,12.314920265474363,0.16463344480339132,1.8626375353663411,0.6806857902806637,2.5951850532562077,0.47424469680293146,0.1287323385477066,0.2060735810977538,12.511551554256055,10.456686720333897,4.725508356650028,5.517281072828344,0.0
0.15,0.0,1.0,101,0.10984587432515885,0.004196283707589102,0.0013104260921366908,1.8499999999999999,3.6999999999999997,0.059376148283869654,14.306523172435629,12.867380984630435,0.16487127088218712,1.7592332938644377,0.6369266254632402,2.6308343293335774,0.468721502121805,0.1289542317390442,0.20792224789799954,12.53331561728489,10.479848523697749,4.6153932683623715,5.383256130402054,0.0
0.15,0.0,1.0,102,0.10859853609941957,0.004184684661755193,0.003398741393542429,1.8499999999999999,3.6999999999999997,0.058701911405091664,14.371982701208333,12.492981582331895,0.16483195717019608,1.8228180816174495,0.6649241617680227,2.612753509251496,0.47397875498206493,0.12749210000038147,0.20673353156204313,12.520908854501489,10.486160016420989,4.6712161801060885,5.572918916966342,0.0
0.0,1.0,1.3,100,2.9539146468801797e-06,6.142934332904956e-06,-0.00018932423528207046,2.408333333333333,4.816666666666666,1.2265389537218739e-06,0.02742293642810003,0.020272422507241865,0.16549557543456095,-1.9345716623719484,0.03604777417742458,0.048459537806220296,0.010240183701736854,0.02301645092666149,0.006208158192950949,0.7291783345713695,0.019174983207583013,nan,5.523126696006632,0.0
0.0,1.0,1.3,101,4.494199263656822e-07,1.2017997261202832e-05,-5.263164797721237e-05,2.4,4.8,1.8725830265236758e-07,0.023776700903948254,0.016006737536024274,0.1654742574609427,-1.9120518982837988,0.04350963387909404,0.051824631120316794,0.010480788205054934,0.022829340770840645,0.007884446956034316,0.7303194750806007,0.019282924184059788,nan,5.564241715010331,0.0
0.0,1.0,1.3,102,3.5204127380913365e-06,-5.847251849052103e-06,9.023231860973865e-05,2.408333333333333,4.816666666666666,1.4617630746400014e-06,0.02574241896512869,0.018330405966856048,0.16550736142513806,-1.933805218611114,0.040935523443998194,0.06275590366718495,0.0114628945613887,0.02296520210802555,0.006397385710239686,0.7291885633342948,0.02080338569186371,nan,5.540047490318768,0.0
0.015,1.0,1.3,100,5.740028788232529e-06,3.234286590219071e-06,-0.0001482365696364073,2.408333333333333,4.816666666666666,2.3834029570515694e-06,0.025620929000188912,0.019911869203570725,0.16528672566657318,-1.7220845416735782,0.032266465553159714,0.04145405329419187,0.009126817453341133,0.02324901893734932,0.00664019370081013,0.7367028387444629,0.018742985387293055,nan,5.415155590451464,0.0
0.015,1.0,1.3,101,-2.3036226814380825e-07,1.1433580474792223e-05,-3.926019736190319e-05,2.4,4.8,-9.598427839325344e-08,0.02293986441745128,0.015636745549576364,0.16525916894845566,-1.6941263898177186,0.044237887005558856,0.04681432721415419,0.009427229976882409,0.022927919402718544,0.008471084225140733,0.7395983247166917,0.0192076802125996,nan,5.454371351469805,0.0
0.015,1.0,1.3,102,1.5003627928041167e-06,-6.315010189108821e-06,0.0001200570960855597,2.408333333333333,4.816666666666666,6.229880108529205e-07,0.02318905503444907,0.016764157027259093,0.16529644017571302,-1.7189646222494592,0.037181744844725424,0.05524906462593617,0.0101425508654479,0.023008141666650772,0.006386697262164084,0.7371321361402117,0.020253861474842563,nan,5.436435428962383,0.0
0.03,1.0,1.3,100,8.448215432374928e-06,-1.2360704352063213e-06,-0.00013300944086246992,2.408333333333333,4.816666666666666,3.507909522093396e-06,0.024518298480557393,0.019880331044471247,0.16500612484662266,-1.4538492370124325,0.03533860815534082,0.038778506456419795,0.008742055929859107,0.024025389924645424,0.00750704984123181,0.7511708493646913,0.02002719145226096,nan,5.272619694344058,0.0
0.03,1.0,1.3,101,2.286495291115403e-06,7.874335057739184e-06,-3.9065572949222496e-05,2.4,4.8,9.527063712980847e-07,0.022955379704487754,0.014835804666801008,0.16497995747011562,-1.4225728371227122,0.045844974573909854,0.042154916700471834,0.00886580047092331,0.023537026718258858,0.009188827284653455,0.7524298217453416,0.020563577738432245,nan,5.272418781038877,0.0
0.03,1.0,1.3,102,-1.5453556184391478e-07,-1.1465548049056454e-06,0.0001260615163297142,2.408333333333333,4.816666666666666,-6.416701529851133e-08,0.022139323314864477,0.015213878889786502,0.16501616797848037,-1.4491766598060307,0.03677831696988631,0.05190754738914267,0.009557541372990867,0.023497555404901505,0.007687527207347471,0.7509438982512435,0.021263535669224783,nan,5.289932147254656,0.0
0.045,1.0,1.3,100,1.6256158928162854e-05,-1.774046181407298e-07,-0.00013284400460830142,2.408333333333333,4.816666666666666,6.7499621847043e-06,0.026239948534161322,0.022825437204308102,0.16461220673203747,-1.0979320681538929,0.03957771622115766,0.040543668290625924,0.009265364074322801,0.025715423747897148,0.009561130646854687,0.7755288140400681,0.023871462280926126,nan,5.076787075649114,0.0
0.045,1.0,1.3,101,1.697570032447119e-07,4.53792760477561e-06,-2.5993586145064268e-05,2.4,4.8,7.073208468529663e-08,0.021230706745365042,0.015110804056374903,0.16459486915267538,-1.070907390899797,0.05557084399157319,0.04251331591954275,0.00928956368460443,0.02503429725766182,0.010186842362013743,0.7739546888407837,0.024741702266330778,nan,5.0502557781099755,0.0
0.045,1.0,1.3,102,8.149529208164331e-08,-2.1602074496840756e-06,0.00013958026863906934,2.408333333333333,4.816666666666666,3.3838875604834596e-08,0.021638947166888797,0.015305244983192332,0.16463479695960218,-1.0989960716138334,0.04628993139971827,0.05131826419809387,0.010221472008291385,0.02479422278702259,0.009510100094231188,0.7710488545980413,0.02477394890032764,nan,5.0579450624188045,0.0
0.06,1.0,1.3,100,2.0891254548737645e-05,-8.590768534806977e-06,-0.00015315352271052946,2.408333333333333,4.816666666666666,8.674569362797639e-06,0.0270796674463206,0.02654282697806508,0.16402800738218634,-0.5863596471799869,0.06771699954432779,0.04915280820007236,0.012008626834966108,0.02910347655415535,0.013477843593300133,0.81599981049035,0.03473647374684088,nan,4.777445469963983,0.0
0.06,1.0,1.3,101,1.7360684562891776e-06,1.8215826747566983e-06,1.999067085511111e-05,2.4,4.8,7.233618567871574e-07,0.026195053561503014,0.018128776968297927,0.16398611022658857,-0.5326810799999544,0.07687276123689722,0.05616583252675939,0.011833955558115622,0.028316665440797806,0.01303663361915945,0.8178033508156307,0.03660236492393975,nan,4.745019751025365,0.0
0.06,1.0,1.3,102,7.803807839534538e-06,-6.673666794213912e-06,0.00013986875056734433,2.408333333333333,4.816666666666666,3.2403354351008465e-06,0.027409095715452865,0.01912606753525295,0.16402895843399598,-0.5701394773450851,0.0697945038792541,0.05614894298868733,0.012963094739255486,0.02775678224861622,0.013174064227921152,0.8156942714099523,0.035824522702138095,nan,4.750329882631218,0.0
0.075,1.0,1.3,100,-0.00018808667684157233,0.0001859368773785944,-0.0006947119087116655,0.55,1.1,-0.000341975776075586,0.06154432281880182,0.047160438744752856,0.16271618909708177,0.5319753776025044,0.4206423300641259,0.1934280690751751,0.025710697912152445,0.03750567138195038,0.038251693481554154,0.9657795961005137,0.09052770605667594,nan,4.451884097711816,0.0
0.075,1.0,1.3,101,0.0026482783694282653,0.0006546397731415722,-0.004527304931225729,2.45,4.9,0.0010809299467054144,0.4653592958995204,0.4427137409729843,0.1625580911890204,0.8100109165402916,0.6518521441035883,1.0851942792483105,0.11611356141489675,0.05283643677830696,0.13618203791908112,1.66347615783582,0.5983666952244996,10.930530402183521,4.497342860529894,0.0
0.075,1.0,1.3,102,6.7666829999302436e-06,-1.1133767880019166e-05,9.877273699652308e-05,2.408333333333333,4.816666666666666,2.8096953632928347e-06,0.043474307830652405,0.04391499555559449,0.1628084071811595,0.4766882771582586,0.15534174012277951,0.11319242279759727,0.024948202518218346,0.03557419031858444,0.02733371793657512,0.9521573941061583,0.09139951206662177,nan,4.291931690724625,0.0
0.09,1.0,1.3,100,0.06806838660203647,0.00756464780862456,-0.010206179527115358,2.408333333333333,4.816666666666666,0.02826368993856186,8.169366127832122,7.6632507565175425,0.16395155953145044,0.6718213106739166,0.3965006912083106,1.8718877466274515,0.42074049128783847,0.1396961659193039,0.13871194760280073,10.354860571066883,7.140727662468644,5.0749815778242,3.310809288835702,0.0
0.09,1.0,1.3,101,0.0681267663188152,0.007237539739076785,-0.004452413668107233,2.408333333333333,4.816666666666666,0.028287930651411157,8.461504567896283,7.56940035447555,0.16400101013404705,0.7177589326807645,0.43387732400691814,1.8572110373093635,0.42002091190262986,0.1406523734331131,0.13930860617835558,10.238559313248563,7.046698848670101,5.003862798616873,3.3575216177444136,0.0
0.09,1.0,1.3,102,0.0690656782147039,0.008391106762670079,-0.010247361160460173,2.408333333333333,4.816666666666666,0.02867779026216079,8.695730057118306,7.760310771242728,0.1641398421662592,0.6937549408710276,0.4693707585817776,1.8471862257032372,0.4166365752732222,0.1398005485534668,0.1417930661914267,10.241325161772231,7.080862161966427,4.959767476662627,3.5687755631126143,0.0
0.105,1.0,1.3,100,0.08559421759187921,0.009913459228228748,-0.006276986896242186,2.408333333333333,4.816666666666666,0.035540851595243964,9.63896740116129,8.694569762074954,0.16434192547158355,0.7179690487609335,0.4167033099234685,1.8549002827274388,0.4298770194685759,0.14381496608257294,0.14981311405393952,11.308930004166626,8.02192911428449,4.533899096243779,3.2674002179556614,0.0
0.105,1.0,1.3,101,0.08623658075755879,0.009028822613071164,-0.003277093555407281,2.408333333333333,4.816666666666666,0.03580757678514552,9.723689348229696,8.698829777690358,0.16439252953207426,0.7842354346670777,0.4717380955174129,1.8459742060899358,0.425979293783329,0.14366354048252106,0.1487775395096723,11.200295541187886,7.944805267961172,4.456861981011084,3.4254150413540545,0.0
0.105,1.0,1.3,102,0.08648472250933155,0.010305874890748008,-0.00676235751549162,2.408333333333333,4.816666666666666,0.035910611422559816,9.856481512959432,8.790654978310227,0.16447478806999996,0.714585255886094,0.47743822459617563,1.837671263767596,0.42402143994192937,0.14297911524772644,0.148334838338658,11.169191429245883,7.937581832525896,4.440033800894252,3.685058859554384,0.0
0.12,1.0,1.3,100,0.10003502579222356,0.00999367544312191,-0.0028432820825959014,2.408333333333333,4.816666666666666,0.04153703493102709,10.282185342286043,9.284349118008183,0.164526415195711,0.7899362750329203,0.4706677019716184,1.8624912379936436,0.43629003859564464,0.1471998542547226,0.15639680038495266,12.114158008876014,8.772421672323771,4.242334097539684,3.3669212949212364,0.0
0.12,1.0,1.3,101,0.10094006301630801,0.008697048435284627,-0.0014478782919655157,2.408333333333333,4.816666666666666,0.04191282893410713,10.667430698929055,9.21812463456564,0.16453887122405156,0.8462835884362845,0.5128795855046688,1.858654972148161,0.4341387912478952,0.1464669108390808,0.15644609561794573,11.978175673229794,8.674199683277974,4.157222804433573,3.347677324203055,0.0
0.12,1.0,1.3,102,0.10045338836895909,0.01020402674000449,-0.0024992257727387114,2.408333333333333,4.816666666666666,0.04171074949576156,10.58553558699039,9.24004575500755,0.1646182385458798,0.801740381533471,0.5039985038879076,1.8241076382282972,0.42723553572395045,0.14628177881240845,0.15906890024754597,11.948985850993395,8.66840440515162,4.174572719190527,3.4371278121843845,0.0
0.135,1.0,1.3,100,0.1124890595413021,0.007776808590194176,0.001075595095061055,2.408333333333333,4.816666666666666,0.046708260017149665,10.951889640114967,9.50720581243618,0.16457212028096407,0.9162058419690127,0.5298674588491642,1.8725140526966955,0.44144374289264826,0.15047898888587952,0.1630673923191284,12.799033540687455,9.417588761918042,4.050110694660455,3.618939824252128,0.0
0.135,1.0,1.3,101,0.11343361021616423,0.007880362782374821,0.0017392472875490412,2.408333333333333,4.816666666666666,0.04710046098941076,11.244199281396561,9.666230210275286,0.1645879126326743,1.0068160516581692,0.5364003982178911,1.8617952959579598,0.43940076994151417,0.14925892651081085,0.16509030018318155,12.71518618059957,9.371691383977968,3.9968116355502468,3.767343866833808,0.0
0.135,1.0,1.3,102,0.11383058432579772,0.008628530139629685,0.0025043859792016803,2.408333333333333,4.816666666666666,0.047265294529743,11.148968543371442,9.699425437612849,0.16467829123929412,0.9338982957875848,0.5549659413723738,1.8549948891493597,0.433378701912832,0.1489427238702774,0.16420343342515364,12.638773732724342,9.318036246113806,3.9600702224444566,3.5006024428290643,0.0
0.15,1.0,1.3,100,0.12407669248724519,0.005772311618919348,0.004753430010692771,2.408333333333333,4.816666666666666,0.05151973390473849,11.528564138168662,9.988840702338276,0.1646053263055802,1.1115474878385352,0.5651464853503215,1.895844435504217,0.44595350658121613,0.15286493301391602,0.168696805349028,13.339466440801727,9.944878108259815,3.8774545278937955,3.656739896898354,0.0
0.15,1.0,1.3,101,0.1246107963024407,0.0054390218025816605,0.006723305360148176,2.408333333333333,4.816666666666666,0.05174150711520029,11.66473971833879,10.099117547849534,0.1645938845340519,1.1891267518721913,0.5838488383867138,1.8752471514088764,0.44178370336460615,0.15192535519599915,0.17235618760523252,13.314514159411614,9.92989816699725,3.8550195102630327,3.8451967692027043,0.0
0.15,1.0,1.3,102,0.1248819178367479,0.006788807045511904,0.006439939536606758,2.408333333333333,4.816666666666666,0.051854083530829584,11.614367445466234,10.167211138336974,0.1646917626773912,1.1638865320048088,0.5911085128377368,1.8642652305077572,0.43862906446234345,0.1514289230108261,0.17149050216303294,13.196295883010205,9.860160905025753,3.8196353094352724,3.712736235164205,0.0
