target,command_vx,style,phase_factor,seed,v_fwd,v_lat,yaw_rate,gait_hz,cadence_steps_per_s,stride_m,lift_left_mm,lift_right_mm,base_height_m,pitch_mean_deg,pitch_std_deg,roll_std_deg,sway_rate_rms,action_rate_rms,joint_range_rms_rad,tau_sq,power_w,cost_of_transport,max_tilt_deg,fell
0.045,0.13552277793611778,-1.0,0.7,0,0.03983479200281451,0.0021386765972140846,-0.00842405560175724,1.2916666666666667,2.5833333333333335,0.030839838969920912,8.822156904612868,8.552088458791909,0.1607624194351769,3.867516130274727,0.6878364072508031,2.5079831318081154,0.3849129361168824,0.10931187868118286,0.19608271960124288,6.812086007831348,5.338714213053076,6.483530770458569,6.495610869850027,0.0
0.045,0.13552277793611778,-1.0,0.7,1,0.03987974750133617,0.0017560401719348094,-0.014023117799122178,1.3,2.6,0.030676728847181665,8.968022788144477,8.565838532820644,0.160735572983904,3.9005497270587477,0.8080545241356396,2.5624278099886904,0.39048682542794,0.10833638906478882,0.1976171145561522,6.862727651716229,5.38656681990181,6.534270493308767,7.015364783078706,0.0
0.045,0.13552277793611778,-1.0,0.7,2,0.04511968940700217,-0.0004061321693225718,-0.017790603695073032,1.3,2.6,0.03470745339000167,10.777492993290787,9.18215391171142,0.16085316050139134,4.277814691947092,0.8798355974746622,2.758896248124888,0.40465134908559286,0.10878363996744156,0.1986717910594192,6.894123763658349,5.456663382505941,5.85057456581984,7.514344535118338,0.0
0.045,0.13552277793611778,-1.0,0.7,3,0.04512383841851357,0.002454289939938399,-0.00684299680730898,1.3,2.6,0.03471064493731813,10.649536598016434,10.438601281094055,0.1610604081768389,4.380678768053791,0.8518757674915096,2.9568468132302823,0.41710141880808205,0.1091524139046669,0.20061198312587084,6.791901243518873,5.408845520887178,5.798771549667173,8.611615715651364,0.0
0.045,0.13552277793611778,-1.0,0.7,4,0.04090326705060808,0.0014075106283401055,-0.01759046895297893,1.3,2.6,0.03146405157739083,9.595734685255847,8.892633034865057,0.16087236976287841,4.017241973053996,0.7672793055973164,2.5947929690508635,0.38816346849081423,0.10831688344478607,0.19727918952872264,6.742576730935713,5.3189054990785225,6.290739966265666,7.4221681243966735,0.0
0.045,0.13552277793611778,-1.0,0.7,5,0.04236935253355543,0.0023067853510254097,-0.0165640595281309,1.3,2.6,0.032591809641196484,9.288335286601102,9.35882497127816,0.160851576882568,4.2192893658113375,0.8742853575126392,2.7719487648917,0.4017593201145635,0.10968274623155594,0.19846150485219524,6.786467196662464,5.38506414675237,6.148603819243813,8.011855339849282,0.0
0.045,0.13552277793611778,-1.0,0.7,6,0.04040379363619523,0.0015921188810764427,-0.011426582388442264,1.3,2.6,0.031079841258611712,8.962892773246724,8.848881181548402,0.16068072969800767,4.038573891166654,0.8215175624915068,2.645350416429196,0.39539498215780133,0.10839080810546875,0.198387617992428,6.790366607649374,5.326785721021718,6.377941618742311,7.3173853516102705,0.0
0.045,0.13552277793611778,-1.0,0.7,7,0.0379563946465969,0.003338423679567525,-0.019694218806844143,1.3,2.6,0.029197226651228383,8.640267220808608,8.738256760865786,0.16055290921541182,3.970435639332612,0.8485778268586658,2.541304556232886,0.3818015020101769,0.10656765848398209,0.19809533680509686,6.759026954942344,5.292554580382531,6.7455575037856566,7.494507908678185,0.0
0.045,0.13552277793611778,-1.0,0.7,8,0.046155613833597744,0.001267011099139089,-0.013253031982104247,1.3,2.6,0.035504318333536726,10.314204447474753,9.904290130699222,0.16102864563176175,4.345010582499943,0.8232659898686813,2.8576318928589215,0.41501618320468425,0.10669305175542831,0.19764583914478534,6.868262748217251,5.484223099046233,5.748149295434796,8.369265152575563,0.0
0.045,0.13552277793611778,-1.0,0.7,9,0.04593552379123609,0.0009781184972186634,-0.016918945449030227,1.2916666666666667,2.5833333333333335,0.03556298616095697,10.579145513795593,9.520301594975393,0.161106398652039,4.199580272880696,0.8686061605268536,2.8599585207155287,0.4177484120522495,0.10901722311973572,0.19968397971765428,6.821060183904985,5.429443843101349,5.717999717902714,8.100494200425585,0.0
0.045,0.08733999865241604,0.0,1.0,0,0.04273077913885908,0.004247606719286888,-0.0006081521251669093,1.8499999999999999,3.6999999999999997,0.023097718453437343,6.912352264838459,7.5000491304686445,0.16302242952804158,1.2346418964207098,0.4865904690376657,2.053377365485627,0.4082504615531368,0.1225631982088089,0.16585252982836027,9.348317940830166,7.153082532661597,8.098225787949145,4.3033473256937675,0.0
0.045,0.08733999865241604,0.0,1.0,1,0.043846410545438835,0.005504482042103372,-0.010078091208366327,1.8499999999999999,3.6999999999999997,0.023700762456993967,7.413049325960729,7.932475173273595,0.1632197755507819,1.4197156023840158,0.609868871752474,2.1630382337190825,0.407774975897913,0.11913318932056427,0.1663542550898559,9.11901647642107,7.02839099887652,7.7545986433978635,4.575631943076704,0.0
0.045,0.08733999865241604,0.0,1.0,2,0.04547781640804833,0.004986551975517416,-0.008008420109600288,1.8499999999999999,3.6999999999999997,0.02458260346380991,8.267013319094037,8.270922894133225,0.16327546427756762,1.5187774002539447,0.5845607534675702,2.2100019537629727,0.41414113072343484,0.11994161456823349,0.17141384095388285,9.237057330312261,7.150606074773301,7.6064270821975954,4.75691909699692,0.0
0.045,0.08733999865241604,0.0,1.0,3,0.04908922486917885,0.00742372842048506,-0.005784576277987211,1.8499999999999999,3.6999999999999997,0.026534716145502082,8.447689098891033,8.793715266070981,0.1635902738387845,1.366102235568507,0.6030091509233647,2.2409646365976794,0.4193557533861638,0.12014131247997284,0.1691191730741347,9.450113514459979,7.37394204282388,7.26693042559112,5.505906315814076,0.0
0.045,0.08733999865241604,0.0,1.0,4,0.04468962479183543,0.006683491005187753,-0.012497512990140472,1.8499999999999999,3.6999999999999997,0.024156553941532665,7.919088573212422,8.122338952311486,0.16318160023082043,1.5279165557432586,0.5388776089634025,2.196599029153333,0.41265656089739977,0.11776014417409897,0.16590268206477168,8.978064215094953,6.934399916201997,7.506537057398386,4.607016991473406,0.0
0.045,0.08733999865241604,0.0,1.0,5,0.042401870197855705,0.004535267610347675,-0.0065401855807458035,1.8499999999999999,3.6999999999999997,0.02291992983667876,7.0666092915295335,7.665641693181758,0.16306518800640674,1.3561996347630523,0.4671272802575417,2.129493066613281,0.4068147012007476,0.1188959851861,0.1651832326671264,9.025515922812332,6.911977017775697,7.88596291037397,4.454099198112132,0.0
0.045,0.08733999865241604,0.0,1.0,6,0.04389391563108009,0.004773940040760664,-0.005146703900676075,1.8499999999999999,3.6999999999999997,0.023726440881664916,7.441117593689509,7.591775320614926,0.1632441100284777,1.3035650350987977,0.49707476559324215,2.1152946138472433,0.4127114214290081,0.11927053332328796,0.16566342987104726,9.221131086542723,7.10956239977607,7.835667570404232,4.294882132196678,0.0
0.045,0.08733999865241604,0.0,1.0,7,0.046109345206217615,0.005802796655889294,-0.002674480410514053,1.8499999999999999,3.6999999999999997,0.024923970381739255,7.490156345594014,8.211433330398444,0.16334364310766397,1.2793258505024898,0.5820631269274557,2.1525192106689106,0.4094683632665721,0.1179354190826416,0.17070779300481817,9.328682871958899,7.24387833914993,7.600106004452866,4.491805054368555,0.0
0.045,0.08733999865241604,0.0,1.0,8,0.04235181889066038,0.005025607362489727,-0.003772174593266827,1.8499999999999999,3.6999999999999997,0.02289287507603264,7.018562976273676,7.491589320659054,0.16305944042534343,1.4590987273503067,0.5638108250478416,2.113384289056807,0.4047560092059716,0.1181340366601944,0.16758439188364715,9.044845573519819,6.941060340234524,7.928503276006776,4.421922576911927,0.0
0.045,0.08733999865241604,0.0,1.0,9,0.04202914135999431,0.005512287464930166,-0.004952753721426602,1.8499999999999999,3.6999999999999997,0.022718454789186115,7.19681666328765,7.698258062776925,0.16301384330158725,1.4931869025494586,0.5752518100011524,2.1166970194261165,0.40533850705479935,0.11860315501689911,0.16769801601450926,9.017367585896265,6.9298112842760915,7.9764261234238605,4.604467175491476,0.0
0.045,0.07997916851572967,1.0,1.3,0,0.046942676098628934,0.000610737523523268,-0.0035274772287497117,2.408333333333333,4.816666666666666,0.01949176862226807,6.179081195675766,5.75609358872037,0.16311266096729843,0.9021865725057362,0.5547149348795513,1.8272383133905463,0.4088071310013909,0.13504032790660858,0.13184784379310893,9.09435158969933,5.988808268727323,6.171774108451194,3.928254790744609,0.0
0.045,0.07997916851572967,1.0,1.3,1,0.045750955527585214,0.004318985555191121,-0.006771201169286966,2.408333333333333,4.816666666666666,0.018996936551246457,6.377878300593537,5.656562163366533,0.16325011121196334,0.975149126494425,0.7585294907062553,1.807834134756851,0.3969603258273277,0.13316035270690918,0.13636915780298997,8.653753091912906,5.711036942335413,6.038822401754743,4.425749134506417,0.0
0.045,0.07997916851572967,1.0,1.3,2,0.0406891066846215,0.0021432869314103424,-0.002644273128644894,2.408333333333333,4.816666666666666,0.016895130803303047,5.782939461950563,4.997951488646211,0.16283194901875103,1.175859015590545,0.7408190641722646,1.7862557369348937,0.39473995000942513,0.12999388575553894,0.1321483528718764,8.465387467884728,5.498782945988026,6.537713411143671,4.369372640615446,0.0
0.045,0.07997916851572967,1.0,1.3,3,0.046729466992129896,0.0036004585836456318,-0.00648095826163345,2.408333333333333,4.816666666666666,0.019403238889465702,6.559590856907621,5.932663758285799,0.16329961481185895,0.8864284889637969,0.7473345780763705,1.8168672391271588,0.4018025001953715,0.13287235796451569,0.134992016554311,8.828853671498887,5.834098461498365,6.039769768137466,4.310233673428878,0.0
0.045,0.07997916851572967,1.0,1.3,4,0.04651252829207064,0.002535729103627448,-0.0049572099096645995,2.408333333333333,4.816666666666666,0.01931316053649992,6.597904757075638,6.13520425726321,0.16325233477999984,0.972973933140936,0.7205447162675358,1.8172721165750685,0.40746270839160037,0.13286185264587402,0.13589318549615806,8.817644868102482,5.8257088173889695,6.059213892155756,4.057788044121104,0.0
0.045,0.07997916851572967,1.0,1.3,5,0.04846302063332237,0.003660782584460989,-0.00329488982140474,2.408333333333333,4.816666666666666,0.020123053550168458,6.33990761011682,6.18314627620916,0.16339267622823744,0.7934802735756159,0.5708541789758753,1.8509107730197494,0.41487678890402474,0.1358209252357483,0.13459839301380253,9.202995357481543,6.126032214437402,6.115137878595149,3.713699139759063,0.0
0.045,0.07997916851572967,1.0,1.3,6,0.04363164130243923,0.0018002511348523887,-0.01051481957198467,2.408333333333333,4.816666666666666,0.018116944485441898,6.3222368420818995,5.57571269116158,0.16308177320223308,1.092039786067457,0.8708889475672137,1.8258903113722373,0.39591423706711376,0.13024170696735382,0.13659273492776927,8.446709138446824,5.572384894957092,6.178414100318593,4.335320059045515,0.0
0.045,0.07997916851572967,1.0,1.3,7,0.04801494557225406,0.0033029336303565457,-0.005797577372437365,2.408333333333333,4.816666666666666,0.01993700162169719,6.567280600685873,6.021550467936943,0.1634039033818948,0.8428743274769878,0.7851488065089567,1.8268009929324207,0.40361396628457913,0.13407959043979645,0.13530628750719,8.887482362350553,5.89348111028066,5.937900444509695,3.8748530937384693,0.0
0.045,0.07997916851572967,1.0,1.3,8,0.047123171368950806,0.003576502849201205,-0.008351742118041105,2.408333333333333,4.816666666666666,0.019566714755273693,6.454412031370537,5.962604980401371,0.16324831063115372,0.9934897953678802,0.666371984367778,1.8072009062746257,0.4013065728676682,0.13354404270648956,0.13429393978671378,8.885820083304282,5.867169143556537,6.0232592315647,3.838615111139515,0.0
0.045,0.07997916851572967,1.0,1.3,9,0.047178736662735275,0.002756742776843239,-0.007763852073705183,2.408333333333333,4.816666666666666,0.019589786849578662,6.277039265851072,5.60649213269724,0.16309774788103396,0.8901081484044295,0.6444022490551073,1.8412097282725692,0.4102094373440288,0.1347610056400299,0.13162379582503247,9.079067380028274,6.000543058958832,6.152926201048382,3.9049417650548333,0.0
0.025,0.11644720991837866,-1.0,0.7,0,0.02419778993441856,0.0038105674796652896,-0.006145033846007789,1.2916666666666667,2.5833333333333335,0.01873377285245308,5.797187741743486,5.976624130765434,0.1603011166786118,3.525696242779325,0.6629593924668316,2.0997058383408786,0.3349005626211162,0.10563265532255173,0.1817968890464151,6.1701397724903595,4.680794726593121,9.35796357760188,5.328743146732898,0.0
0.025,0.11644720991837866,-1.0,0.7,1,0.02331021787319036,0.003447400042392214,-0.00769365133998419,1.2916666666666667,2.5833333333333335,0.01804662028892157,5.6215909988197215,5.4719688744891375,0.1602511451871165,3.3984071412215138,0.6924546734549266,2.0805802822244988,0.33483987378371965,0.10680144280195236,0.18539684994487302,6.2699115932431875,4.7541917878547295,9.866606810821054,5.619307943596792,0.0
0.025,0.11644720991837866,-1.0,0.7,2,0.02430564635589327,0.0037691408303651766,-0.0012341041495686753,1.3,2.6,0.01869665104299482,5.904447723955289,6.0190010171853885,0.1601553272012637,3.6765297404856265,0.6868886294888392,2.163364486654796,0.3361693175732741,0.10752929002046585,0.18525467418934555,6.223132764493266,4.735574731590469,9.4254691607469,5.808792040991683,0.0
0.025,0.11644720991837866,-1.0,0.7,3,0.025837090286265962,0.003017282078725526,-0.006555703120628068,1.2916666666666667,2.5833333333333335,0.020002908608722034,6.509944109530992,6.624576806128296,0.16033756325123402,3.831582810927537,0.738473997211851,2.295528893150167,0.3449016098548691,0.1063414141535759,0.18526661519633686,6.100982800340331,4.632915104047598,8.674574797474213,7.123572866533805,0.0
0.025,0.11644720991837866,-1.0,0.7,4,0.02227438824930102,0.0028100613233239683,-0.005873297709624554,1.3,2.6,0.017134144807154632,5.867350666973302,5.419360756515434,0.1601176700507466,3.4853228507311615,0.6681656264353157,2.0715467976011386,0.3279967394331113,0.10664687305688858,0.18065818020881827,6.079243068446195,4.56447161270024,9.913389774774773,5.4057086883353955,0.0
0.025,0.11644720991837866,-1.0,0.7,5,0.023351429393959733,0.003050299140743944,-0.0028039266292756325,1.3,2.6,0.01796263799535364,5.6722811269687305,5.831943547473305,0.16019982649349981,3.6577685186873277,0.7100072127348139,2.1687242752298923,0.33668970089298034,0.1067073717713356,0.18481360066402266,6.065253344367302,4.600407511419254,9.530601061673943,6.410638725112947,0.0
0.025,0.11644720991837866,-1.0,0.7,6,0.022867525425697414,0.003229324168620554,-0.003745425068643543,1.3,2.6,0.017590404173613395,5.633566344800936,5.581161500314168,0.16016214026764744,3.5378116947106086,0.7078639544905263,2.135000632695977,0.33213417147978985,0.10577166825532913,0.18448634569905986,6.1412634923103,4.632567281895266,9.80031470525411,5.941816949740531,0.0
0.025,0.11644720991837866,-1.0,0.7,7,0.020846034059588642,0.002463586209152481,-0.02081894532479706,1.3,2.6,0.016035410815068186,5.510117150699906,4.826665056568267,0.1599159619862955,3.5222214418430466,0.7599803927500824,2.0047832081590427,0.31805057554678257,0.10523046553134918,0.1797677663558143,6.108237016809216,4.565160073656535,10.594245295828081,5.865598386426301,0.0
0.025,0.11644720991837866,-1.0,0.7,8,0.028115327176651828,0.002078852462040561,-0.012253381954408758,1.3,2.6,0.021627174751270635,7.323832284728343,7.539653318461457,0.160479668159773,3.90793337350503,0.726851973542942,2.4181898820159047,0.35848503746448956,0.10745741426944733,0.18743117993292732,6.27420261725598,4.812503957422147,8.280668804098617,7.673634859061114,0.0
0.025,0.11644720991837866,-1.0,0.7,9,0.025232300863855143,0.0024535947097327608,-0.00948893072626001,1.2916666666666667,2.5833333333333335,0.019534684539758818,6.089370322147266,5.9169829660475814,0.1602795877819553,3.5430947169584415,0.6838589678526102,2.1790318270184343,0.3385830398369281,0.10933665931224823,0.18602305036345934,6.179126516794868,4.641840904353222,8.899607507961138,5.841303190178168,0.0
0.025,0.08041504847777209,0.0,1.0,0,0.030224134727831455,0.0008867180211561173,-0.005622153676847762,1.8499999999999999,3.6999999999999997,0.016337370123152138,5.601591537118803,5.595984848948826,0.16233510936816622,1.7778850853947743,0.7816875414996591,2.075800897942265,0.38478176439986134,0.11659196764230728,0.161769756792297,7.901599845116399,5.8916217279981025,9.430146410880731,5.349184953051264,0.0
0.025,0.08041504847777209,0.0,1.0,1,0.013716689403494131,0.000979888801741568,-0.0194318081218831,1.8499999999999999,3.6999999999999997,0.0074144267045914225,4.283503674593082,2.6228803176029563,0.16184206148857552,1.7944067250002185,0.8479639701016541,2.0450964254752764,0.2650292092260701,0.08641080558300018,0.1675923966919894,4.345143988169714,2.8682073211216497,10.115764081046311,5.383900063977465,0.0
0.025,0.08041504847777209,0.0,1.0,2,0.027220318126055198,0.0014158837554184187,-0.0228445693031871,1.8499999999999999,3.6999999999999997,0.014713685473543351,6.0600836438434005,5.629037682978506,0.16225465312441822,2.2171830203630596,0.7369104210744033,2.151498059981167,0.36784724726788137,0.10917946696281433,0.1714416799183178,7.086193925266928,5.2269468093746685,9.28950004196488,5.236245074400074,0.0
0.025,0.08041504847777209,0.0,1.0,3,0.02949790972330756,0.0036814556079906337,-0.010743574740304473,1.8499999999999999,3.6999999999999997,0.015944816066652736,5.619996917877959,6.397025595262373,0.1624127720491816,1.881534551699157,1.1072335979416974,2.0695456621553032,0.3705790879496479,0.11276333779096603,0.1697070306791807,7.4468210664587104,5.516225641106206,9.046659351676935,5.387570964767989,0.0
0.025,0.08041504847777209,0.0,1.0,4,0.007086983040802366,0.0008160831764419146,-0.01069873552209103,3.6999999999999997,7.3999999999999995,0.0019154008218384773,1.9987671737983106,2.0369327784158138,0.1615222014901621,2.0247048268565844,0.796703378228512,1.6926126876116745,0.21078631214811341,0.07176154851913452,0.1640248706770206,2.998924997164618,1.7512012783386939,11.953969103519364,5.274618745059518,0.0
0.025,0.08041504847777209,0.0,1.0,5,0.019394897136257545,2.685531579465968e-05,-0.023704368864206543,1.8499999999999999,3.6999999999999997,0.010483728181760835,4.578199145713004,3.570984270631095,0.1615932442810132,2.4311800124602025,0.7768346243525375,1.9731332503756904,0.33264762221613553,0.10404472798109055,0.16083432913190301,6.060605378511666,4.275868604642112,10.665330730474395,5.611462515335731,0.0
0.025,0.08041504847777209,0.0,1.0,6,0.027362804106791004,0.0015334161211016924,-0.02148446956011219,1.8499999999999999,3.6999999999999997,0.014790704922589734,5.834405721102982,6.30559318353611,0.1623989205293538,2.0460918127614978,0.8297811819725196,2.1158959449377117,0.3731614846591095,0.11054027825593948,0.17012365729189835,7.302227889833294,5.401613362557285,9.549933569629987,5.4758731896153225,0.0
0.025,0.08041504847777209,0.0,1.0,7,0.032527999298274914,0.002888329124346323,-0.01680771029624758,1.8499999999999999,3.6999999999999997,0.017582702323391847,6.314691329924483,6.940925759300829,0.162785390683826,1.763231604067307,0.9510978844978896,2.159527597239077,0.38641595313269955,0.11316510289907455,0.1676948350400376,7.820181510068777,5.86925827616109,8.728976534631459,5.868459504766661,0.0
0.025,0.08041504847777209,0.0,1.0,8,0.023883969146912303,0.0013545218953311124,-0.011316112407802998,1.8499999999999999,3.6999999999999997,0.01291025359292557,5.362191824366357,4.92553533747921,0.16213016985390288,1.9337220088032168,0.7550949184305439,2.126296965418894,0.33985123693230823,0.10387539863586426,0.1762860410063265,6.534291878515886,4.753702497243087,9.62859576158862,5.501116920956609,0.0
0.025,0.08041504847777209,0.0,1.0,9,0.024709686291790794,0.0011204300707618054,-0.02039605557609053,1.8499999999999999,3.6999999999999997,0.013356587184751781,5.639148317862034,5.306548947455845,0.16209516821654255,2.364371650333376,0.8025837419436618,2.1153847066271925,0.36193891162620306,0.10547719895839691,0.17412005140703907,6.6160009726780284,4.8391790557671435,9.474186226037864,5.561925902502946,0.0
0.025,0.07629223736638036,1.0,1.3,0,-8.802908832463634e-05,1.973654991016741e-05,-0.00011625198906374468,2.408333333333333,4.816666666666666,-3.655187058462409e-05,0.07426927107204423,0.033814746148164584,0.16257422220746234,0.6377058484260965,0.2194543149562587,0.12340583872445332,0.02499972531946746,0.03822987154126167,0.021030890707611063,0.9912878860163759,0.09764535016682217,nan,4.284185499682748,0.0
0.025,0.07629223736638036,1.0,1.3,1,0.019901937000316762,0.0024085471509472907,-0.009658449030335236,2.408333333333333,4.816666666666666,0.00826378006933568,4.627445495790246,3.578830012171306,0.16289813228230593,0.8758265419269547,0.6807109956315366,2.106867297524945,0.2755560218762535,0.09562657028436661,0.14880087128388525,4.652829317339861,2.779229185081496,6.755639580172793,4.560970364244416,0.0
0.025,0.07629223736638036,1.0,1.3,2,0.017704367633470313,0.0001267532168560923,-0.01312996115788395,2.408333333333333,4.816666666666666,0.0073512945190880195,3.5742281592492517,2.5406868939988123,0.16165265594351058,2.2708131282877533,0.8161923704573905,1.5554605068449288,0.30698850033118863,0.10779024660587311,0.14066855713122725,5.644281796936086,3.4685379259564217,9.47771151251402,4.887221373459815,0.0
0.025,0.07629223736638036,1.0,1.3,3,-3.6485462072502935e-05,9.140191985273577e-06,-0.00010060391214965072,2.408333333333333,4.816666666666666,-1.5149672832873192e-05,0.054922502907831044,0.03371467669241414,0.16272549730639674,0.5336048725775795,0.1859255261469722,0.12926640586035287,0.024530967049494114,0.03827636316418648,0.021586248757537445,0.9717131849207875,0.09575984235091686,nan,4.287831100021052,0.0
0.025,0.07629223736638036,1.0,1.3,4,0.01557717454676787,0.00139865227553785,-0.008280496855952267,2.408333333333333,4.816666666666666,0.00646803095367524,3.844054468558782,3.045306836107961,0.16276496155727557,0.8184803093973473,0.6386571022096362,1.9238123291433873,0.240661092972427,0.08731606602668762,0.14717997815431078,3.790355225662417,2.127999279383326,6.608764056707103,4.50077709039264,0.0
0.025,0.07629223736638036,1.0,1.3,5,0.03155514304315936,0.001935683573672316,-0.012558692748927165,2.408333333333333,4.816666666666666,0.013102481540412192,5.187939065976921,4.580909565417015,0.16266209062932765,1.4577903415577314,0.9383036818156899,1.7549155523968998,0.3698961861607552,0.12522996962070465,0.1389052575918459,7.502584479869387,4.811499065203291,7.376455205565638,4.738266308038365,0.0
0.025,0.07629223736638036,1.0,1.3,6,0.0002536902646229849,0.0002236864138540726,-0.0034933458067720525,2.4,4.8,0.00010570427692624373,0.16223598678500628,0.17047934457374006,0.16244656409867056,0.7930527067145392,0.5975716372719456,0.6857557219092801,0.0647974872383098,0.04294828698039055,0.10309498150741107,1.1915518682483435,0.241886974610937,nan,4.706260503614838,0.0
0.025,0.07629223736638036,1.0,1.3,7,0.006059928755087203,0.00012003294424520842,-0.006740240359356141,2.4583333333333335,4.916666666666667,0.0024650557647812347,0.6970782955383905,0.795059687569101,0.16271043004324176,0.7222189391522017,0.5514683182953228,1.3982323071069993,0.15743730363874847,0.06215853616595268,0.14207600119565675,2.1193265605997977,0.9276614476065494,7.405586292682281,4.64543004808766,0.0
0.025,0.07629223736638036,1.0,1.3,8,0.009457964056601341,0.00019879740672569746,-0.009880841864151103,2.4166666666666665,4.833333333333333,0.003913640299283314,2.164742886453987,1.6328327815655221,0.16223856292403283,1.208330375250241,0.9140291822892384,1.6834000081305744,0.20677504317486053,0.07773955911397934,0.13576167477138693,3.1317253437116186,1.6354980720776917,8.365460140072,4.694388076006653,0.0
0.025,0.07629223736638036,1.0,1.3,9,-1.3798458346570276e-05,-3.995512596166067e-06,7.118802831683085e-05,2.4,4.8,-5.749357644404282e-06,0.04610245074608121,0.04267458846188245,0.16265817156630138,0.613609761705688,0.19992943155179244,0.12455031121082066,0.025402430770461924,0.03743646293878555,0.02200814500095157,0.9704109969102899,0.09880721929449666,nan,4.238500133204996,0.0
