target,command_vx,style,magnitude,direction_deg,fell,max_tilt_deg
0.045,0.13552277793611778,-1.0,0.3,0,0.0,12.452911651351307
0.045,0.13552277793611778,-1.0,0.3,45,0.0,9.636004093686383
0.045,0.13552277793611778,-1.0,0.3,90,0.0,7.536624282032913
0.045,0.13552277793611778,-1.0,0.3,135,0.0,7.146448548926319
0.045,0.13552277793611778,-1.0,0.3,180,0.0,7.788521883559342
0.045,0.13552277793611778,-1.0,0.3,225,0.0,7.5545180706908095
0.045,0.13552277793611778,-1.0,0.3,270,0.0,8.427742877253927
0.045,0.13552277793611778,-1.0,0.3,315,0.0,10.493595045814288
0.045,0.13552277793611778,-1.0,0.6,0,0.0,16.219144631525847
0.045,0.13552277793611778,-1.0,0.6,45,1.0,178.3042471826479
0.045,0.13552277793611778,-1.0,0.6,90,0.0,8.315013645712542
0.045,0.13552277793611778,-1.0,0.6,135,1.0,178.26208215100954
0.045,0.13552277793611778,-1.0,0.6,180,0.0,10.669312691774223
0.045,0.13552277793611778,-1.0,0.6,225,0.0,7.6642460743316265
0.045,0.13552277793611778,-1.0,0.6,270,0.0,9.81373745235572
0.045,0.13552277793611778,-1.0,0.6,315,0.0,15.410686903273387
0.045,0.13552277793611778,-1.0,0.9,0,0.0,23.056891920485004
0.045,0.13552277793611778,-1.0,0.9,45,0.0,17.123861118881262
0.045,0.13552277793611778,-1.0,0.9,90,1.0,177.98045867753842
0.045,0.13552277793611778,-1.0,0.9,135,1.0,178.99085144018972
0.045,0.13552277793611778,-1.0,0.9,180,1.0,178.59986398011972
0.045,0.13552277793611778,-1.0,0.9,225,0.0,7.433441143150416
0.045,0.13552277793611778,-1.0,0.9,270,1.0,178.45206016780924
0.045,0.13552277793611778,-1.0,0.9,315,0.0,20.417063853662786
0.045,0.08733999865241604,0.0,0.3,0,0.0,7.149706104489265
0.045,0.08733999865241604,0.0,0.3,45,0.0,5.223441393699733
0.045,0.08733999865241604,0.0,0.3,90,0.0,4.9589135959157336
0.045,0.08733999865241604,0.0,0.3,135,0.0,4.316400156792948
0.045,0.08733999865241604,0.0,0.3,180,0.0,4.507496955045553
0.045,0.08733999865241604,0.0,0.3,225,0.0,5.362761960392805
0.045,0.08733999865241604,0.0,0.3,270,0.0,4.276419600947106
0.045,0.08733999865241604,0.0,0.3,315,0.0,6.203981483232442
0.045,0.08733999865241604,0.0,0.6,0,0.0,13.422779357546684
0.045,0.08733999865241604,0.0,0.6,45,0.0,9.34116564947602
0.045,0.08733999865241604,0.0,0.6,90,0.0,16.880905836034813
0.045,0.08733999865241604,0.0,0.6,135,0.0,5.796688059598082
0.045,0.08733999865241604,0.0,0.6,180,1.0,178.15957972933185
0.045,0.08733999865241604,0.0,0.6,225,1.0,177.57657897971157
0.045,0.08733999865241604,0.0,0.6,270,0.0,4.252501339452076
0.045,0.08733999865241604,0.0,0.6,315,0.0,11.694588237360522
0.045,0.08733999865241604,0.0,0.9,0,0.0,19.65399711791277
0.045,0.08733999865241604,0.0,0.9,45,1.0,176.7805483859634
0.045,0.08733999865241604,0.0,0.9,90,1.0,176.74703394964956
0.045,0.08733999865241604,0.0,0.9,135,1.0,177.53855149142856
0.045,0.08733999865241604,0.0,0.9,180,1.0,178.26627647079826
0.045,0.08733999865241604,0.0,0.9,225,1.0,178.5004258358498
0.045,0.08733999865241604,0.0,0.9,270,0.0,6.188801202429287
0.045,0.08733999865241604,0.0,0.9,315,1.0,177.88966767296435
0.045,0.07997916851572967,1.0,0.3,0,0.0,8.481244133161947
0.045,0.07997916851572967,1.0,0.3,45,0.0,6.721927245167782
0.045,0.07997916851572967,1.0,0.3,90,0.0,3.9229463888182354
0.045,0.07997916851572967,1.0,0.3,135,0.0,3.8900610243242126
0.045,0.07997916851572967,1.0,0.3,180,0.0,4.501551809992791
0.045,0.07997916851572967,1.0,0.3,225,0.0,4.690070821056445
0.045,0.07997916851572967,1.0,0.3,270,0.0,4.762698518288647
0.045,0.07997916851572967,1.0,0.3,315,0.0,4.572008867726121
0.045,0.07997916851572967,1.0,0.6,0,0.0,15.849413398792088
0.045,0.07997916851572967,1.0,0.6,45,0.0,12.846951786409615
0.045,0.07997916851572967,1.0,0.6,90,0.0,5.476172227772939
0.045,0.07997916851572967,1.0,0.6,135,0.0,7.014534144460552
0.045,0.07997916851572967,1.0,0.6,180,1.0,178.28888002923514
0.045,0.07997916851572967,1.0,0.6,225,0.0,7.860891194159606
0.045,0.07997916851572967,1.0,0.6,270,0.0,7.610925329675992
0.045,0.07997916851572967,1.0,0.6,315,0.0,6.535359612450912
0.045,0.07997916851572967,1.0,0.9,0,1.0,178.3795435973966
0.045,0.07997916851572967,1.0,0.9,45,0.0,24.933398389322637
0.045,0.07997916851572967,1.0,0.9,90,0.0,20.43661917168274
0.045,0.07997916851572967,1.0,0.9,135,1.0,179.21524433668122
0.045,0.07997916851572967,1.0,0.9,180,1.0,178.33870678250733
0.045,0.07997916851572967,1.0,0.9,225,1.0,179.1819460031001
0.045,0.07997916851572967,1.0,0.9,270,1.0,179.63368256389623
0.045,0.07997916851572967,1.0,0.9,315,1.0,178.12660853541487
