head,mode,seed,v_fwd,head_joint_rad
-1.0,both,0,0.05285433235810642,0.3162493133729231
-1.0,both,1,0.056233643670906594,0.3152711950570914
-1.0,both,2,0.05321690393304975,0.31715060231853653
-1.0,both,3,0.0543059075063784,0.3160616852267514
-1.0,both,4,0.054835278400037206,0.3164513729261086
-1.0,both,5,0.04903659111625058,0.3176189998137709
-1.0,both,6,0.051546710445852996,0.31694197120226214
-1.0,both,7,0.054882530736617835,0.31648354031514814
-1.0,both,8,0.05123995258959628,0.31562655182358845
-1.0,both,9,0.04941063897820878,0.316522153373739
-1.0,obs_only,0,0.10546352711965487,-0.02616680196425521
-1.0,obs_only,1,0.10795758798405929,-0.027197991296935613
-1.0,obs_only,2,0.10738860856669345,-0.027057808453600368
-1.0,obs_only,3,0.1080859389271948,-0.026953450245865544
-1.0,obs_only,4,0.10743766542718326,-0.02701883719297237
-1.0,obs_only,5,0.10508417867024676,-0.02668545321299035
-1.0,obs_only,6,0.1060305285028159,-0.02633037229751516
-1.0,obs_only,7,0.10770665092108851,-0.026729752929776574
-1.0,obs_only,8,0.1065702175514143,-0.027709695228909943
-1.0,obs_only,9,0.10617991626029512,-0.027221587856425932
-1.0,act_only,0,0.051442559831039715,0.31807091188367825
-1.0,act_only,1,0.053370518910816865,0.3178014344551695
-1.0,act_only,2,0.05242396506598078,0.3195045029580026
-1.0,act_only,3,0.052742570926640815,0.3195601737109291
-1.0,act_only,4,0.05424881762646119,0.3193198533419008
-1.0,act_only,5,0.0489940537237063,0.3201325736226834
-1.0,act_only,6,0.05088038875589037,0.31887081637976433
-1.0,act_only,7,0.05237956129440685,0.3191537539964272
-1.0,act_only,8,0.05180592567591996,0.31708708616261116
-1.0,act_only,9,0.04869593456399013,0.3183620624132546
1.0,both,0,0.018398771467196557,-0.569692924196221
1.0,both,1,0.016121156401153403,-0.5705736926785201
1.0,both,2,0.016534974367013188,-0.5699014290224405
1.0,both,3,0.017726595374572347,-0.5701058950622239
1.0,both,4,0.016513744487548256,-0.5721598718246739
1.0,both,5,0.016227203048608335,-0.5703205725853372
1.0,both,6,0.01590753387890054,-0.5695516819999635
1.0,both,7,0.01607389749653819,-0.5711498660351035
1.0,both,8,0.016405607234534655,-0.5703829717551027
1.0,both,9,0.017238745172022972,-0.5701995308876399
1.0,obs_only,0,0.10598527837368157,-0.022606421998517458
1.0,obs_only,1,0.10808230617856195,-0.023538437989572836
1.0,obs_only,2,0.10728606046712093,-0.02388693649925977
1.0,obs_only,3,0.10823956085449257,-0.023294867131937166
1.0,obs_only,4,0.10909586824116499,-0.02327006470188048
1.0,obs_only,5,0.10429249501259687,-0.022560417622381444
1.0,obs_only,6,0.10673042004052156,-0.022908441641676887
1.0,obs_only,7,0.10783259130558481,-0.023097814456635987
1.0,obs_only,8,0.10746843210215769,-0.024924259736840655
1.0,obs_only,9,0.10692190077210319,-0.02333452938616524
1.0,act_only,0,0.021687161324735575,-0.5728057686283937
1.0,act_only,1,0.019279622212308223,-0.5730388026832898
1.0,act_only,2,0.01933988249372315,-0.5719166105397004
1.0,act_only,3,0.020352511907613505,-0.5726191736624526
1.0,act_only,4,0.019329205680487904,-0.5744770516685344
1.0,act_only,5,0.01932939908505227,-0.5735831042586733
1.0,act_only,6,0.02039547395922087,-0.5728659932871952
1.0,act_only,7,0.01873266203067337,-0.5737233271982365
1.0,act_only,8,0.02008105185501257,-0.5730492938828335
1.0,act_only,9,0.020506227849414027,-0.5734250998565648
