head,magnitude,direction_deg,fell,max_tilt_deg
-1.0,0.6,0,0.0,9.844515767945918
-1.0,0.6,45,0.0,16.723939747131293
-1.0,0.6,90,0.0,11.19353203268783
-1.0,0.6,135,1.0,179.1927799647019
-1.0,0.6,180,0.0,8.307258116039526
-1.0,0.6,225,0.0,11.852320335690726
-1.0,0.6,270,0.0,16.365087816818175
-1.0,0.6,315,0.0,13.343921596496813
-1.0,0.9,0,1.0,179.12555499329844
-1.0,0.9,45,1.0,178.6726849652366
-1.0,0.9,90,1.0,179.3979601993705
-1.0,0.9,135,1.0,178.90180621863294
-1.0,0.9,180,1.0,178.94823453569055
-1.0,0.9,225,0.0,15.832214190071513
-1.0,0.9,270,1.0,179.10586349117935
-1.0,0.9,315,0.0,21.69405766866471
0.0,0.6,0,0.0,13.611282921219894
0.0,0.6,45,0.0,13.914851673414516
0.0,0.6,90,1.0,179.1292474450745
0.0,0.6,135,0.0,14.860521159758784
0.0,0.6,180,1.0,178.5239879145452
0.0,0.6,225,0.0,6.568879812401734
0.0,0.6,270,0.0,5.806441025685957
0.0,0.6,315,0.0,11.90282477973883
0.0,0.9,0,1.0,178.4533258647231
0.0,0.9,45,1.0,179.50570440738147
0.0,0.9,90,1.0,178.82713898240334
0.0,0.9,135,1.0,178.94049070377443
0.0,0.9,180,1.0,179.3067940380475
0.0,0.9,225,1.0,179.02035240884192
0.0,0.9,270,0.0,6.4809582903573775
0.0,0.9,315,0.0,14.66400378134026
1.0,0.6,0,0.0,5.2178149032926475
1.0,0.6,45,0.0,7.489655734935723
1.0,0.6,90,1.0,178.9094629119361
1.0,0.6,135,1.0,178.4919433689389
1.0,0.6,180,0.0,4.9407748735156
1.0,0.6,225,0.0,14.441463986953517
1.0,0.6,270,1.0,179.93547844393663
1.0,0.6,315,0.0,6.832872359128869
1.0,0.9,0,1.0,178.450933766784
1.0,0.9,45,1.0,179.50198220418807
1.0,0.9,90,1.0,179.8301833615163
1.0,0.9,135,1.0,179.03663509799767
1.0,0.9,180,0.0,9.264147690072463
1.0,0.9,225,1.0,179.4634725712737
1.0,0.9,270,1.0,178.22308854481665
1.0,0.9,315,1.0,179.8415885340352
