style,head,head_pitch_offset,seed,v_fwd,v_lat,yaw_rate,gait_hz,cadence_steps_per_s,stride_m,lift_left_mm,lift_right_mm,base_height_m,pitch_mean_deg,pitch_std_deg,roll_std_deg,sway_rate_rms,action_rate_rms,joint_range_rms_rad,tau_sq,power_w,cost_of_transport,max_tilt_deg,fell,head_joint_rad
-1.0,-1.0,0.3,0,0.010418282014003738,0.0007159245355951229,-0.0780362059698206,1.2916666666666667,2.5833333333333335,0.008065766720519023,3.974351497627979,7.572793712683719,0.15656928515721003,5.813020236448678,1.085888968748129,2.512749253440252,0.3706127143080891,0.10704050213098526,0.19750983112122086,6.686112336142413,5.210220192436119,24.193428939442146,8.907446105272419,0.0,0.3246903927738969
-1.0,-1.0,0.3,1,0.011454006482495652,0.0008839270424647451,-0.08563273824482757,1.2916666666666667,2.5833333333333335,0.008867617921932117,4.396533391847788,7.919698876420923,0.1565803986680128,5.9609108111493345,1.0617822500986323,2.5351763677032357,0.3701803558060829,0.1058836579322815,0.1974745932711138,6.6470269152935,5.229149019335103,22.08569400672576,9.384055645794584,0.0,0.32381691191752576
-1.0,-1.0,0.3,2,0.012083640860175444,0.0012899250662779561,-0.08162994770855825,1.3,2.6,0.009295108353981112,4.2818970395074265,8.184881550349163,0.15647847306678153,5.988993915138267,1.1159985141061493,2.557079441080337,0.3742937763885061,0.1083388701081276,0.198520503772896,6.829776845774227,5.33204334171797,21.34682642625117,9.017340917709147,0.0,0.32410920770918117
-1.0,-1.0,0.3,3,0.010157115831432875,0.0016078011078484473,-0.06783465162770028,1.2916666666666667,2.5833333333333335,0.007863573546915774,4.189127867357678,8.119393056846443,0.15639206901017785,6.071278006057932,1.0744132942501208,2.5841635748804266,0.3755249808978008,0.1062551960349083,0.1989153547596995,6.7353181120090335,5.271494556738247,25.107346382197203,9.323514504811802,0.0,0.32296232312164974
-1.0,-1.0,0.3,4,0.011618427853957584,0.0014710685829103323,-0.07961518306573652,1.3,2.6,0.008937252195351988,4.385163895765617,8.151138318104218,0.15649259566515825,5.908596614358232,1.1165459769062571,2.5876296590054526,0.3763536447629579,0.10764391720294952,0.20101512911648578,6.78360370149937,5.300460528060759,22.07006926230372,9.407802444635479,0.0,0.3237316730264145
-1.0,-1.0,0.3,5,0.010988008300264463,0.00038700753213250844,-0.08164448834278014,1.3,2.6,0.008452314077126509,4.298326944217708,7.981599824992331,0.15654681852952151,5.96066845750138,1.1184928815133601,2.580709897301771,0.37275956535256405,0.10965179651975632,0.19764051909175365,6.690094794605344,5.234720765605353,23.046872450083402,10.430668760527478,0.0,0.32434355238220586
-1.0,-1.0,0.3,6,0.01039197597028606,0.0006029848950046661,-0.07824898461071055,1.3,2.6,0.007993827669450814,3.921953191987614,7.890988659012353,0.15650245158549975,5.791997121678302,1.1161406442106787,2.5515100851168206,0.370209328407854,0.10567712783813477,0.19789648241510652,6.691727397695755,5.250239209594147,24.440968658527424,8.525221517880446,0.0,0.3238984243334727
-1.0,-1.0,0.3,7,0.011793212600240115,0.0006138352863651828,-0.08099154793143815,1.3,2.6,0.009071702000184704,4.412025533995159,7.969229627051638,0.15650593945113653,5.922526771536138,1.1113495781775296,2.6023166748132645,0.3763369312534861,0.10831474512815475,0.19935060637923027,6.761961266658868,5.266176389261665,21.60233669535509,10.621389870513367,0.0,0.3240531964386893
-1.0,-1.0,0.3,8,0.013000386582829085,0.00014550217749749664,-0.08473719559207615,1.3,2.6,0.010000297371406989,4.6491361847569665,8.387698539281415,0.15648531833193077,6.128398308073094,1.1067942831966706,2.6216103600111547,0.3765558189232872,0.10776002705097198,0.19741930943073077,6.7737304796735165,5.298250678555399,19.715767704037862,9.69150582127277,0.0,0.3228896170769936
-1.0,-1.0,0.3,9,0.01249501926160598,0.0006483711754186861,-0.07808546959157689,1.3,2.6,0.009611553278158446,4.247888339130337,7.66702850974158,0.15650686891511734,5.894031184108499,1.0474151085546999,2.5551632102566977,0.3736310461728919,0.10968408733606339,0.19559552254135218,6.748284666024673,5.224073122690817,20.22598934942306,9.299438313781645,0.0,0.32362075739095597
-1.0,-0.5,0.15,0,0.038561437731439996,-0.0011023119616740383,-0.08530468646923364,1.3,2.6,0.029662644408799996,9.653453856849636,11.92815340479703,0.1578957185811101,6.7108884406235605,0.7941473727535115,3.087366667872416,0.4177859430483043,0.11101216822862625,0.20291536320138237,7.2199030849701415,5.708253827887539,7.161228240369182,10.111266617826457,0.0,0.14723967677368185
-1.0,-0.5,0.15,1,0.03855988113916327,-0.0021097154798125975,-0.10201622687183165,1.3,2.6,0.02966144703012559,10.278969759548932,11.832697646531118,0.15798254840043155,6.773494323343437,0.8157117177154306,3.1635847588347703,0.4280244109734075,0.10894840210676193,0.20814950171970714,7.195669103716808,5.734570973139657,7.19453454950149,10.162118653838753,0.0,0.14664189550429466
-1.0,-0.5,0.15,2,0.03658879346184378,-0.0019858509833216697,-0.09687702151944863,1.3,2.6,0.02814522573987983,9.555384451866445,10.950318177180803,0.15796223907207382,6.485487964322374,0.8037772337065203,2.96384497474135,0.4103569410842599,0.11015143245458603,0.2048919853751137,7.151172509071609,5.685553601217418,7.517304226640989,9.141173712403706,0.0,0.14876345783646225
-1.0,-0.5,0.15,3,0.03784482758658846,-0.00010789773830640629,-0.08567571882117501,1.3,2.6,0.029111405835837278,9.746603014003327,11.96912095402936,0.1578175254119305,6.921824674984524,0.7471353850745888,3.212213527405748,0.428121864981962,0.11041683703660965,0.20192175088501685,7.204355196481665,5.731686246551338,7.326783098750136,9.527778588692014,0.0,0.14672688580403231
-1.0,-0.5,0.15,4,0.0402096821907755,-0.0026862888140992934,-0.10247384928327014,1.3,2.6,0.030930524762135002,10.634699064329006,12.005633995930815,0.15803395585972357,6.826751817313814,0.7793736278708829,3.182571061194904,0.4256282465266486,0.11100924760103226,0.20326522566342914,7.213676194662,5.736145092589538,6.901237037427995,9.731682028923757,0.0,0.14672803441383647
-1.0,-0.5,0.15,5,0.038159698562665566,-0.001453664153791348,-0.09757294821765353,1.3,2.6,0.02935361427897351,10.20001076513165,11.89791569154124,0.1579289013985978,6.946044775466362,0.8570149325958833,3.240615744034533,0.4285915380096143,0.1110336109995842,0.20506744549452444,7.177438655583794,5.725337943333382,7.258278832069599,9.638959042577135,0.0,0.14713942062492766
-1.0,-0.5,0.15,6,0.03605452009773397,-0.0006914291961580142,-0.07935081829506872,1.2916666666666667,2.5833333333333335,0.02791317684985856,8.884094956270959,11.451536526119327,0.1579605362436993,6.618257540588902,0.7744809171527868,3.086478573697489,0.41592097035891795,0.10931623727083206,0.20371241861990472,7.110743306975698,5.6475640579313815,7.577726096715838,9.682609133413672,0.0,0.1480252966713404
-1.0,-0.5,0.15,7,0.037639853603451075,-0.0011800410421397643,-0.10124897014397811,1.3,2.6,0.02895373354111621,9.715322907203165,11.51325654899615,0.15799190583372832,6.732950882092201,0.7712358524140239,3.1137497523205564,0.42023729040323526,0.10744696110486984,0.20176893386509032,7.090238236611467,5.658830189116584,7.273043633730182,9.330748227300946,0.0,0.14665522788461552
-1.0,-0.5,0.15,8,0.04104435450621826,-0.0018228347260362608,-0.09428019044019065,1.3,2.6,0.03157258038939866,10.86187664750954,12.215734378122576,0.15805926066892778,6.872719760584904,0.8494123350725971,3.2240886363890175,0.42734761814446187,0.10823140293359756,0.20735127447650803,7.214490771741543,5.772100987210221,6.803273769551526,9.985173041418458,0.0,0.14687702435481886
-1.0,-0.5,0.15,9,0.03874041909398869,-0.0017031785226437584,-0.09020143995603648,1.3,2.6,0.0298003223799913,9.865938890571705,11.800580074070535,0.15793979882550457,6.688548505643336,0.8680243783645978,3.1127068577832118,0.42047161337257455,0.11136060208082199,0.2044539938306155,7.186029823940475,5.686849357236739,7.101414562574974,10.126288781443083,0.0,0.14665215227980954
-1.0,0.0,-0.0,0,0.05637975097051961,-0.0014628264064501391,-0.012564580169980391,1.3,2.6,0.04336903920809201,12.707461720095237,10.85902157301995,0.16141487076188885,4.463157193347952,0.8733866186585753,3.1071943803490973,0.44057140920825766,0.11034473776817322,0.20499518194514227,7.324658157512897,5.929809987140223,5.088093470103815,8.320083429509115,0.0,-0.026497875135152494
-1.0,0.0,-0.0,1,0.054070150318262546,-0.0005323761413399276,-0.015572985137714641,1.2916666666666667,2.5833333333333335,0.04186076153671939,11.784427385080136,10.412358787578723,0.16120973656136436,4.303877422378148,0.8650608127504605,2.9461795717035466,0.4325781697395332,0.11067120730876923,0.20599232042982868,7.279219199020463,5.881671864305406,5.262361414402099,7.935353658917147,0.0,-0.025576322807170124
-1.0,0.0,-0.0,2,0.05756748636235561,-0.003035926042215049,-0.013518221998241526,1.3,2.6,0.04428268181719662,12.81657687892141,10.729286475743244,0.16129161301171555,4.6257858958341265,0.9224085104480161,3.1233045474404406,0.44550001483258195,0.11012464761734009,0.20559522430055657,7.368803570821747,5.985844963798581,5.030204650397612,8.689927085509847,0.0,-0.025670974031856333
-1.0,0.0,-0.0,3,0.05478911483790896,-0.0005741320603236867,-0.016371803032005056,1.2916666666666667,2.5833333333333335,0.042417379229348864,12.16837129846024,10.434027322938261,0.1613076490875096,4.392867238420965,1.003011944251062,3.041653177917817,0.43157268073952904,0.1100827157497406,0.20514509290687394,7.189574690887688,5.810869128056816,5.130790325914203,8.754827662019187,0.0,-0.02676949267768572
-1.0,0.0,-0.0,4,0.05261969234056196,-0.0020935953125935476,-0.025661435333379865,1.3,2.6,0.04047668641581689,12.048003450564657,10.062916529382546,0.16113015449389312,4.291013287101058,0.8415493269178203,2.8664175890677352,0.42020926566827255,0.10963175445795059,0.206038596299789,7.168607487119732,5.761896580427885,5.297300517973104,8.039664840055423,0.0,-0.025757436927051097
-1.0,0.0,-0.0,5,0.054730629171798266,-0.001446328191991127,-0.021795630046156096,1.3,2.6,0.042100483978306354,12.152788339344797,10.444951221254737,0.16114863875554072,4.534177031800637,0.862731081625933,3.057973540359019,0.4371378935138846,0.11033909767866135,0.20753127755567286,7.235480097854394,5.861838934948942,5.181325751858017,8.308376261517814,0.0,-0.025256502348464844
-1.0,0.0,-0.0,6,0.055622941893613886,-0.0015051746310402005,-0.01254516299053492,1.2916666666666667,2.5833333333333335,0.04306292275634623,12.249251515219033,10.507822696323695,0.16130365646012051,4.4745208505524126,0.9005514543064678,3.075822576060272,0.4421893649952043,0.1089600920677185,0.20239982605694418,7.232652698274967,5.855293599693606,5.092513378338558,8.214378300729203,0.0,-0.026708755064506418
-1.0,0.0,-0.0,7,0.048639664652533485,0.00021227965388055417,-0.020822382939882252,1.3,2.6,0.03741512665579499,10.63594393031835,9.418634049557435,0.16091399730465636,4.214754933378004,0.8516582451869955,2.75977207578534,0.4115073901311363,0.11036413162946701,0.2038442466018034,7.14975942184446,5.699819281495278,5.669019763549429,7.800216057899752,0.0,-0.025706053205253217
-1.0,0.0,-0.0,8,0.0575938108780313,-0.0021848737930780025,-0.021089802374140872,1.3,2.6,0.04430293144463946,12.61331145429211,10.915661334258171,0.16134096293513545,4.681507239456219,0.9647066708007562,3.185952541650898,0.4468962650416803,0.10816799104213715,0.2071750740374981,7.294226435121096,5.927239263588268,4.978678696845265,9.135229991888131,0.0,-0.02679118562264394
-1.0,0.0,-0.0,9,0.05715078780465063,-0.0023282495504134935,-0.017096413581444037,1.3,2.6,0.04396214446511587,12.759115378371247,11.239869773372876,0.16136852361935425,4.593347361246083,0.9889948485398841,3.210938093113746,0.44776375671003776,0.11072277277708054,0.20597405134871347,7.268294589525237,5.891110392504704,4.986690293871235,8.62837952603197,0.0,-0.026792588864336896
-1.0,0.5,-0.25,0,0.04254613034181025,-0.0004447792259829216,0.0006476265927333434,1.2916666666666667,2.5833333333333335,0.032938939619466,6.916424408453648,7.368842889985749,0.16438854275234127,1.7118874779037514,0.7276002608488097,2.7173323556946696,0.37987200912729696,0.10363214462995529,0.1894842951158559,6.064948302473749,4.831342510768021,5.493450529783974,5.152592937422264,0.0,-0.31063534853536884
-1.0,0.5,-0.25,1,0.04382321366259811,-0.0005860530684204724,0.00182443286613352,1.2916666666666667,2.5833333333333335,0.03392764928717273,7.164039385314298,7.55815446864851,0.16436405622504976,1.722022451139453,0.7032457275540968,2.7445837510201336,0.3904711953166928,0.10373550653457642,0.18680226131410615,6.058056359587207,4.846973343564455,5.350617010882195,4.806438716536075,0.0,-0.30983590531261446
-1.0,0.5,-0.25,2,0.0436610262150604,0.00035606200754741526,0.006899113644934388,1.3,2.6,0.03358540478081569,6.676074533827859,7.452053713432965,0.1643249058565118,1.5901219182858373,0.7031301867259111,2.6564927928101834,0.37887695204930855,0.10356071591377258,0.18893959178131545,6.063908709596049,4.858140741073797,5.382866510973182,5.117969647539239,0.0,-0.3099580122409844
-1.0,0.5,-0.25,3,0.04217406823585089,0.0003367969027206321,0.0010744672620942458,1.3,2.6,0.03244159095065453,6.868783552134851,7.14885898800771,0.16442899558193785,1.515851722486691,0.6668131180770867,2.628575275704771,0.3721603759708638,0.10406798869371414,0.1856603969603516,6.017847460366392,4.831954077387426,5.542615585886496,5.013795986899673,0.0,-0.3101514257498936
-1.0,0.5,-0.25,4,0.04434130382995214,-0.0014919107347828983,0.002085703664348599,1.3,2.6,0.034108695253809336,7.443898157796475,7.571699010911878,0.1644042482322939,1.676510338631132,0.7678630616757578,2.7371496834031412,0.38516707914337506,0.103263720870018,0.1915352013580615,6.042655697499018,4.843980137077061,5.284834012441408,5.157330644503745,0.0,-0.31016513391419215
-1.0,0.5,-0.25,5,0.04565593849986245,-0.0009377622140584886,0.0011818511074041449,1.3,2.6,0.03511995269220188,7.2549225213670265,7.8866297551072675,0.16446944272756564,1.6925213113867896,0.700190097697839,2.8007186105494237,0.3869951832175089,0.10423418134450912,0.1917110494837457,6.109962906937196,4.925918753261269,5.219482271729328,5.351698231803639,0.0,-0.30875030062459163
-1.0,0.5,-0.25,6,0.04186891039794082,-0.0009656340286982518,0.0014872360269201934,1.3,2.6,0.03220685415226217,6.779909224740661,7.244020609468209,0.1643766843729458,1.459803974883432,0.7922923740286707,2.668793910862325,0.37707721553439366,0.10553451627492905,0.19388957078500496,6.061934020640285,4.82429370367979,5.574161378138522,4.900217893439072,0.0,-0.3098275747427671
-1.0,0.5,-0.25,7,0.040815895240424664,0.00039375163977746394,0.0029123671628231793,1.3,2.6,0.03139684249263436,6.487270077013592,6.978705673399773,0.16423199375278796,1.4640466139995623,0.7015610867441205,2.60777707190156,0.37322730869967213,0.10277537256479263,0.18881983128192106,6.067017704619633,4.859652952993583,5.7598793433381035,5.185887442607425,0.0,-0.30927155836909476
-1.0,0.5,-0.25,8,0.04396840218578259,-0.0006740366053055647,0.0027347021128498886,1.3,2.6,0.03382184783521738,6.844910273421027,7.589453891644496,0.16440155972005233,1.6609477841566582,0.7418948027333842,2.719833104026372,0.38501419286395644,0.10282339155673981,0.1894141235803295,6.0805045734003995,4.864358789665921,5.3520772569311905,5.432342166696459,0.0,-0.3099695549917781
-1.0,0.5,-0.25,9,0.041333078202593874,-0.0007791801678614482,0.001068110092732148,1.3,2.6,0.03179467554045683,6.856220328901404,6.954778943172385,0.16425546969288132,1.5884153468826026,0.7499329431282399,2.6764069311793253,0.3782043490114044,0.10434582829475403,0.1898140063004766,6.076811326329016,4.833753735277975,5.65749563901247,5.346755309021894,0.0,-0.31050331650490637
-1.0,1.0,-0.5,0,0.008305666165250915,0.004853139307022917,-0.03347738395736988,1.3,2.6,0.006388973973269934,2.0163303059783906,4.169129707587257,0.16244957200324917,-0.8374873990316561,1.315316538812892,3.3993606681230806,0.39776544251839835,0.14126469194889069,0.21813784663530342,7.99383920170439,5.500132611751916,32.03584224604009,7.561783945195592,0.0,-0.5402621045540567
-1.0,1.0,-0.5,1,0.007960226438948097,0.005502030197818509,-0.03780706912015427,1.3,2.6,0.006123251106883151,2.2379310068160585,4.458755754838372,0.16246124540059192,-0.6877791955111516,1.278701035972307,3.3731220705380105,0.3920843634063753,0.1453108936548233,0.22203205184558847,7.865271212713458,5.373147068455949,32.65432890169572,7.848742324773253,0.0,-0.5399341366237483
-1.0,1.0,-0.5,2,0.006807411515586738,0.0033616136054073604,-0.00826573726057866,1.2916666666666667,2.5833333333333335,0.005270254076583281,1.9855622875078522,3.726425163119463,0.16243598079132843,-0.8945399942849925,1.2973957611118105,3.2668707820211322,0.3802832518497733,0.14399918913841248,0.22120062015095446,7.7784031385506704,5.260827986669324,37.386047535799406,7.369327759043633,0.0,-0.5424328766670433
-1.0,1.0,-0.5,3,0.009322092913895146,0.005995752928550635,-0.05193398492614267,1.325,2.65,0.007035541821807658,2.9282599959197504,4.828908823688074,0.16264874014685954,-0.8264670112016115,1.6309041658363104,3.40418837848766,0.4073163785070501,0.15176595747470856,0.2247575560652979,8.111163576145081,5.5448693033344885,28.77500075025331,8.003638522355057,0.0,-0.5409742382545428
-1.0,1.0,-0.5,4,0.006232596736427612,0.005434923442059605,-0.016964545074335022,1.2833333333333332,2.5666666666666664,0.00485656888552801,2.1452609318880818,3.9295276902207177,0.16252985908665443,-0.7134957416225436,1.3074849551337664,3.362693698434773,0.3938893266869517,0.14578968286514282,0.22519223373112185,7.937692489554218,5.467805606589892,42.440598034969184,7.4161293569822195,0.0,-0.542261239000602
-1.0,1.0,-0.5,5,0.007994024391013736,0.0045864981706814295,-0.021365898690944334,1.3,2.6,0.006149249531549028,1.9816288408391673,4.114661316576939,0.162562981110438,-0.9049819550694035,1.1796587768866797,3.30757586168835,0.3866681610916513,0.14720036089420319,0.21588077879725232,8.001749466211097,5.464307579024594,33.06793879657999,7.616138876418809,0.0,-0.5405224961793165
-1.0,1.0,-0.5,6,0.007958939216934278,0.004443082734125865,-0.020074303822409482,1.3,2.6,0.00612226093610329,1.9413912481722542,4.165821430878297,0.16251920169026907,-0.8263043998037922,1.1500632463589362,3.3475469318204047,0.3866456979879628,0.15471863746643066,0.21206174772404496,7.984731973546426,5.389953815010206,32.76176665971414,6.977334189144592,0.0,-0.5421177665847017
-1.0,1.0,-0.5,7,0.008008753152862667,0.0061686452059661195,-0.047636300386926414,1.3,2.6,0.006160579348355898,2.2021324971458327,4.070616524157173,0.16251864508278852,-0.7089713428545653,1.2150542426565754,3.405016706186672,0.39563781542823656,0.14335225522518158,0.22206972799565586,7.947769643562885,5.447470103473537,32.90541742067844,7.594887467239348,0.0,-0.5398469591812096
-1.0,1.0,-0.5,8,0.009486332802295485,0.0048377092147868575,-0.05971225246509273,1.3166666666666667,2.6333333333333333,0.007204809723262394,3.5310974062043146,4.734572083087095,0.16252228200088786,-0.3401245525896448,1.531864961110941,3.4662523740245677,0.4079906647164473,0.14296798408031464,0.221119021882445,7.692409804849667,5.265429294649597,26.85176796405916,8.25289182724513,0.0,-0.5459014735915773
-1.0,1.0,-0.5,9,0.00688138227557381,0.007081464633821054,-0.03862528963400171,1.3,2.6,0.0052933709812106235,1.9816817777917315,4.0593303377526295,0.16238206840217728,-0.681302198076352,1.1433525688994317,3.299508143000019,0.38640219070822907,0.14763325452804565,0.21839755561195684,7.983362131753024,5.477953228173038,38.510582905165975,7.27374144564445,0.0,-0.5419041673113388
0.0,-1.0,0.3,0,0.05285433235810642,0.0012966374724545555,-0.09897331024554534,1.8499999999999999,3.6999999999999997,0.02856990938276023,10.705618556110231,10.292369246781952,0.15853431169484172,5.930172537249493,0.6974786257436949,2.53027810729899,0.4329691350409152,0.12923085689544678,0.19825224129255573,11.383113611926674,8.94035307991926,8.182980877138588,8.17709735770915,0.0,0.3162493133729231
0.0,-1.0,0.3,1,0.056233643670906594,0.0002650221616434522,-0.1077598814088714,1.8499999999999999,3.6999999999999997,0.030396564146436,11.37094707266804,10.497155122070565,0.15867748876236573,5.920798007856957,0.6882008167546346,2.547381311708859,0.42982142440414106,0.13119067251682281,0.2000715757401367,11.404071512973513,9.007498589770538,7.748995971172708,8.229227826560884,0.0,0.3152711950570914
0.0,-1.0,0.3,2,0.05321690393304975,0.0006539973531844811,-0.10285020063308489,1.8499999999999999,3.6999999999999997,0.028765894017864734,10.698513998903561,10.200723453637956,0.15866843630282312,5.855087721086227,0.7314493834795391,2.4988858997657113,0.42581309727130523,0.12833228707313538,0.19734345772389505,11.314664186301933,8.952807539712225,8.138551217838838,8.476850343657295,0.0,0.31715060231853653
0.0,-1.0,0.3,3,0.0543059075063784,0.0005244050809421023,-0.09744013373768302,1.8499999999999999,3.6999999999999997,0.02935454459804238,11.066008140986135,10.685025020688009,0.1585848591618517,5.922311707425766,0.6868856491266643,2.5556688002516563,0.4328737428306507,0.12817251682281494,0.20040938100002958,11.420332773971188,9.035806644310078,8.04928510399867,8.40852873836346,0.0,0.3160616852267514
0.0,-1.0,0.3,4,0.054835278400037206,0.00010732102103673377,-0.11467578273272587,1.8499999999999999,3.6999999999999997,0.02964069102704714,11.114430693006693,10.329889980185964,0.1587799270916474,5.833712173907267,0.7252506098819528,2.5282231894291,0.42999785256817646,0.13063691556453705,0.1988793867054668,11.298299660047679,8.904259310430094,7.855524785810824,8.370684677042602,0.0,0.3164513729261086
0.0,-1.0,0.3,5,0.04903659111625058,0.0009560099435173134,-0.11488525800660654,1.8499999999999999,3.6999999999999997,0.02650626546824356,10.31506575970447,10.12108732975852,0.15852384713746184,5.8660810773232175,0.6904085067613039,2.453381132682814,0.42294224544283615,0.1302574723958969,0.19647687608711878,11.224891602481595,8.820139715813045,8.701470454972402,8.311405432772258,0.0,0.3176189998137709
0.0,-1.0,0.3,6,0.051546710445852996,-0.0004364897116941339,-0.11946128842759053,1.8499999999999999,3.6999999999999997,0.027863086727488107,10.725442741571422,9.956687114215015,0.15879160991647412,5.768701919038095,0.7254502663942284,2.487761651563196,0.42443775845520815,0.12975479662418365,0.19677019247921856,11.28348849895271,8.8965702248573,8.349473928737405,8.215136532784252,0.0,0.31694197120226214
0.0,-1.0,0.3,7,0.054882530736617835,-0.00017013950105612167,-0.10611756469738277,1.8499999999999999,3.6999999999999997,0.02966623283060424,11.196188308190967,10.509398584056171,0.15886404858490413,5.784828281866489,0.6885734902061843,2.5391238623177173,0.43285185970082857,0.1290660798549652,0.19574228759699688,11.370987935559786,8.99080445293834,7.925047604398531,8.085695671718883,0.0,0.31648354031514814
0.0,-1.0,0.3,8,0.05123995258959628,-0.0009992466505292221,-0.12219243216311355,1.8499999999999999,3.6999999999999997,0.027697271670052044,10.503816843423788,9.922975747920068,0.15860148421943324,5.856427739023806,0.6888067396097008,2.500364208194697,0.42617511294841204,0.12913359701633453,0.19651769603064856,11.331476798773037,8.92723035114885,8.428406605433365,8.052692875598842,0.0,0.31562655182358845
0.0,-1.0,0.3,9,0.04941063897820878,-0.0007452412461844018,-0.12017103821662323,1.8499999999999999,3.6999999999999997,0.026708453501734477,10.406135795472581,10.002214496436519,0.1584781371395209,5.924680021255618,0.7143230557624803,2.4974535089100343,0.4282954266107623,0.13023129105567932,0.20346084877758405,11.341757821229512,8.884050537070388,8.698172316529014,8.245714555372844,0.0,0.316522153373739
0.0,-0.5,0.15,0,0.0928813499701202,-0.006792065887055583,4.257126784000853e-05,1.8499999999999999,3.6999999999999997,0.05020613511898389,14.687263270352698,11.794246995158526,0.16196460031643614,3.66323820171579,0.63390497035842,2.5807128917661597,0.4644556193939825,0.12904751300811768,0.20177258133791323,11.989616191828228,9.779605702430464,5.093663875907226,6.51764305797273,0.0,0.14755801085251397
0.0,-0.5,0.15,1,0.09041173171704033,-0.003312254932339065,0.002947323799179704,1.8499999999999999,3.6999999999999997,0.04887120633353532,13.870659354194524,11.588998386277526,0.16188250424061737,3.47725158715743,0.5686413487546117,2.5378354838048724,0.45697580229891926,0.12934273481369019,0.20383139341194076,12.045115193676237,9.852045492124414,5.2715590757104005,6.468323640698764,0.0,0.14847712381992662
0.0,-0.5,0.15,2,0.08988919681920224,-0.00390619759887308,0.003254868726118219,1.8499999999999999,3.6999999999999997,0.04858875503740662,13.850959167124923,11.546401498228112,0.161796967476877,3.520873656680265,0.6067120599922274,2.5060505350827227,0.4555258420539542,0.1290133148431778,0.1997677704572198,11.939109881163247,9.72421770079126,5.2334084348997925,6.241270197974524,0.0,0.14872926156495175
0.0,-0.5,0.15,3,0.09243237874438591,-0.005066804739161425,-0.0032364156950115608,1.8499999999999999,3.6999999999999997,0.04996344796993833,14.249517778053454,11.957965547735064,0.1619014725131159,3.481321075528306,0.6094178628433411,2.5790151082777077,0.4647655158317916,0.13008201122283936,0.2045515387802618,12.124841658279998,9.921339495527688,5.192585282481658,6.490689856439076,0.0,0.1484812752528479
0.0,-0.5,0.15,4,0.09014832252955413,-0.004443015019190524,-0.009708718855581836,1.8499999999999999,3.6999999999999997,0.04872882298894818,13.88858271482361,11.060450528946609,0.16177512793765994,3.503627339995938,0.5835254996187204,2.5081535356758993,0.4635414421035993,0.12963002920150757,0.2000995105713594,11.911279518832641,9.689157970540563,5.1995510163880265,6.800407092487189,0.0,0.14894849668465182
0.0,-0.5,0.15,5,0.08733942282255489,-0.004149247028576901,0.0006944806124936278,1.8499999999999999,3.6999999999999997,0.04721049882300264,13.776000384730029,11.548155866961864,0.16181458574537028,3.5494087862115635,0.5811973292982878,2.5262097514201414,0.45884950088244125,0.1299295276403427,0.20128485340520055,11.797963271373622,9.602244344881656,5.318631390545805,6.521960761922636,0.0,0.1495531850096492
0.0,-0.5,0.15,6,0.09117107799535236,-0.004836670889494491,-0.006794803682362234,1.8499999999999999,3.6999999999999997,0.04928166378127155,14.357579752629915,11.651002596804924,0.16204755551253558,3.494822350171573,0.5985182887837712,2.55713106540294,0.4593413847860852,0.12829875946044922,0.20270241536208622,11.984559940216183,9.804586819579205,5.202470947084196,5.933536121791566,0.0,0.1489416033602818
0.0,-0.5,0.15,7,0.08927393783725437,-0.005689289452533746,-0.0006037261799711894,1.8499999999999999,3.6999999999999997,0.0482561826147321,13.795217151957994,11.53029006047368,0.1618438059441816,3.4471288834203215,0.6764841140103107,2.5380248070993687,0.4618216050904295,0.13008816540241241,0.20379575677058098,12.030712641512082,9.775403110531533,5.297213055092275,6.859767949179532,0.0,0.1490768858538469
0.0,-0.5,0.15,8,0.09067194821322354,-0.004881419414667347,-0.00787079053316692,1.8499999999999999,3.6999999999999997,0.049011863899039755,14.095689260444187,11.349557895861158,0.16185414752041297,3.6272224952428336,0.574888776397534,2.524627519567166,0.4557533364101014,0.12800218164920807,0.20047053583460384,11.976021805421022,9.77001909747493,5.212666285333868,6.1950504351675155,0.0,0.14757226046095062
0.0,-0.5,0.15,9,0.09179018096795866,-0.004434677754164342,-0.0005054663636504007,1.8499999999999999,3.6999999999999997,0.049616314036734416,14.411686180606276,12.002804219875937,0.16189535269936114,3.713786937442648,0.6059665808713253,2.5892672872026568,0.46084548386104934,0.12920191884040833,0.20167514735043685,11.917209034852121,9.722395075308432,5.124063413175519,6.447368756016772,0.0,0.14756108565254625
0.0,0.0,-0.0,0,0.10534211632055929,0.0039169238623562915,0.010732452265638548,1.8499999999999999,3.6999999999999997,0.05694168449759962,13.741608856125476,12.34011841435647,0.16454814123710218,1.8039363683734237,0.6482644625138495,2.5634134282027308,0.4713072204089303,0.1281990110874176,0.20546894808832897,12.494975786240502,10.436345746347142,4.792740072491659,5.306549975116561,0.0,-0.025163493081578992
0.0,0.0,-0.0,1,0.1080274907117254,0.005395969341520374,0.008753552933616777,1.8499999999999999,3.6999999999999997,0.058393238222554274,14.160547103742982,12.439202394880073,0.1647634804210782,1.7938830652136624,0.6316294861925091,2.6142802700551337,0.4730614011968649,0.12943744659423828,0.20888852422514428,12.556266085852279,10.51433720626891,4.708527050777542,5.596499804157146,0.0,-0.025961591192247644
0.0,0.0,-0.0,2,0.10792431460947874,0.004362463926807897,0.007790561874235408,1.8499999999999999,3.6999999999999997,0.058337467356475,14.337745391683777,12.574520338553663,0.1647452173402842,1.847208344649239,0.6568078643552339,2.6222701440321257,0.47163614853134833,0.12863363325595856,0.20551016474079906,12.576107934631501,10.538419463112566,4.723823241020479,5.355402435424615,0.0,-0.02637418476654099
0.0,0.0,-0.0,3,0.10788419093772317,0.004697043262327719,0.0052469843133701,1.8499999999999999,3.6999999999999997,0.05831577888525577,14.101918056197333,12.634087337071783,0.16473247569558186,1.7694466295962052,0.6780692665389638,2.643818395073641,0.47398301394815096,0.12994249165058136,0.20798857256072487,12.623521085671504,10.57873300124236,4.7436572734236035,5.7597656042604735,0.0,-0.025516066827535287
0.0,0.0,-0.0,4,0.10865508641057647,0.0056410836987073444,0.008082427119434344,1.8499999999999999,3.6999999999999997,0.058732479140852153,14.5157600348966,12.705624131751843,0.16478740928684746,1.8378654757131256,0.6116018778671212,2.6252059942397437,0.47298853840519023,0.12863412499427795,0.20614487071697085,12.49105121462207,10.436473050884493,4.646662733242726,5.567338769815038,0.0,-0.026245778648444244
0.0,0.0,-0.0,5,0.10531779075143659,0.004243677560233286,0.009110202805583405,1.8499999999999999,3.6999999999999997,0.05692853554131708,13.948561659788414,12.441288731041094,0.1647106951873432,1.8141004479902079,0.6665020856398236,2.600936682937551,0.4705739706463399,0.1281856745481491,0.20565586573012587,12.358985523153596,10.310658576431459,4.736113728729064,5.739266553439651,0.0,-0.025415927077524884
0.0,0.0,-0.0,6,0.10690688237150898,0.00592490098738465,0.007535288877402693,1.8499999999999999,3.6999999999999997,0.057787503984599455,14.369518419870136,12.63648570999152,0.16487600675346106,1.7449581394187406,0.6230812190982468,2.5966075371084227,0.4710410018806247,0.12918072938919067,0.20706017657101725,12.482880765400601,10.442898425421193,4.725555257828952,5.2253661454269675,0.0,-0.02540620459498
0.0,0.0,-0.0,7,0.10683501011618783,0.00361369667297058,0.014894324933563127,1.8499999999999999,3.6999999999999997,0.05774865411685829,14.028063165968788,12.578708499372421,0.16477308018561035,1.6732080509903844,0.6599807506347086,2.6368665787555843,0.47600227976194165,0.12856167554855347,0.20725976892962902,12.586690175879184,10.526304252774855,4.766502006515904,5.365766246491149,0.0,-0.02554417712319897
0.0,0.0,-0.0,8,0.10733235947852163,0.004275617766505922,0.0031048821070401495,1.8499999999999999,3.6999999999999997,0.05801749161001169,14.254472725531413,12.685002985902484,0.16470736135378575,1.897683691713205,0.6367826570399914,2.595610926845604,0.4693023608057014,0.12772469222545624,0.20837400212071117,12.484466412089406,10.444624622012736,4.707600675810936,5.344375230446422,0.0,-0.027027432720927447
0.0,0.0,-0.0,9,0.10536401789575019,0.005686279119597664,0.009678569585282858,1.8499999999999999,3.6999999999999997,0.056953523186891994,13.914490090355901,12.329154363964811,0.16457737357519364,1.9186355411983431,0.6464592822795545,2.5793742029460796,0.4661507177551898,0.12829233705997467,0.2061206854077294,12.399657480412118,10.342177875119736,4.748507589018812,5.471448722202594,0.0,-0.025904553705605033
0.0,0.5,-0.25,0,0.08057520864597505,-0.003326457359906836,-0.017170567643608615,1.8499999999999999,3.6999999999999997,0.04355416683566219,9.10754913744683,8.97536658920184,0.1660615903495006,0.5728551030174308,0.526233469492417,2.375900495551233,0.4212593630666811,0.1203463077545166,0.18179986358179243,9.78230743264065,7.957852216981009,4.777843144654632,4.053838508420223,0.0,-0.30934796099181666
0.0,0.5,-0.25,1,0.0832569920069533,-0.003474908905077534,-0.020800712523890368,1.8499999999999999,3.6999999999999997,0.045003779463218006,9.472584631144587,9.170094789857359,0.16617006852158056,0.530000669735687,0.5330410580822219,2.3995166205199494,0.42478858571415606,0.12149319797754288,0.18409921706109098,9.915899953303878,8.109697890899826,4.712175061837316,4.206553098117674,0.0,-0.3083026720253008
0.0,0.5,-0.25,2,0.08064100437352631,-0.0026417684810294355,-0.016114229710862935,1.8499999999999999,3.6999999999999997,0.04358973209379801,9.323599950411088,8.953065192224644,0.16606392192890343,0.6094650098332848,0.5092988744792015,2.3865413962841555,0.42226984407313756,0.11976689100265503,0.18412815360413728,9.736966872615204,7.934828417837386,4.760132797139925,4.935178522631033,0.0,-0.3093119290188137
0.0,0.5,-0.25,3,0.08340359046888021,-0.0029409897931708773,-0.021456281733876145,1.8499999999999999,3.6999999999999997,0.045083021875070385,9.37081853965495,9.127248477398823,0.1661534338670715,0.47305131444421317,0.5883352026463476,2.405806910723409,0.42297336280800557,0.12184389680624008,0.18505139856916725,9.852635159707722,8.048019412255044,4.668116919785353,5.586755490703254,0.0,-0.30856350320373677
0.0,0.5,-0.25,4,0.08244313377327954,-0.0033927452353794624,-0.02261251711826883,1.8499999999999999,3.6999999999999997,0.04456385609366462,9.565001996841831,8.96126783629536,0.16618255471673565,0.5670767246537101,0.48796838845421026,2.3800315546283337,0.42207603980449176,0.11982226371765137,0.1825403945435497,9.726151896022664,7.941783816858772,4.660162130228101,4.518886615604235,0.0,-0.30944155743259616
0.0,0.5,-0.25,5,0.08136719745762723,-0.0047557577164439625,-0.019205311721832503,1.8499999999999999,3.6999999999999997,0.04398226889601472,9.345715691665754,9.004454789334728,0.16614676912907805,0.5750232884877503,0.6074444558042535,2.3851450708785107,0.4236369473660606,0.11990417540073395,0.18413136492674886,9.713617301759063,7.917971705897995,4.7076269958826735,4.03007456090831,0.0,-0.30889640779409
0.0,0.5,-0.25,6,0.08168364007687247,-0.0026899852425425154,-0.021892030566062114,1.8499999999999999,3.6999999999999997,0.04415331896047161,9.356694573808403,9.13500831922223,0.16621761257226011,0.5442556228702838,0.54248059695783,2.391901623031717,0.42164574901902124,0.12191567569971085,0.18379634041892967,9.682852061680672,7.881212940556929,4.667619393859773,4.277441685123909,0.0,-0.308912041697604
0.0,0.5,-0.25,7,0.08244145878269002,-0.003734577147137489,-0.020635854525454342,1.8499999999999999,3.6999999999999997,0.04456295069334596,9.395195039614533,9.178990021166525,0.1661264372074237,0.46218619093254215,0.5540369088922033,2.4070555209264093,0.42675919464781026,0.12118008732795715,0.18523050608752514,9.889702182701702,8.058492004585448,4.7287414423788725,4.028776774204431,0.0,-0.30883580060114885
0.0,0.5,-0.25,8,0.0813101908288572,-0.005505895028277219,-0.02822961100838817,1.8499999999999999,3.6999999999999997,0.04395145450208497,9.542059395380567,9.109591555882517,0.1661197180880952,0.6351053293486929,0.4866222024972832,2.3867970187372647,0.4180310729182306,0.12009365856647491,0.18489782871081986,9.704554707743773,7.914351189603227,4.708773430568054,4.2376864059876524,0.0,-0.30964257207486034
0.0,0.5,-0.25,9,0.08136784590111829,-0.0034934970201113526,-0.021533051612479388,1.8499999999999999,3.6999999999999997,0.043982619406009886,9.408545033155173,8.913200288946408,0.16606188385089626,0.621205453945899,0.5467333487366937,2.4086158043583588,0.4226504201853829,0.12192369252443314,0.18452499775055378,9.747635696668192,7.924581033733973,4.711519021441592,4.5994520952631275,0.0,-0.3094972378335849
0.0,1.0,-0.5,0,0.018398771467196557,0.004144517347499038,-0.18634426598790987,1.8499999999999999,3.6999999999999997,0.009945281874160302,4.862441441507489,2.0224822911138847,0.16417122319346528,-0.39908189667715865,0.5398423871537662,2.318978196916821,0.3727117610838951,0.1181563213467598,0.15496317936227086,7.265128379491628,5.256556241034216,13.821333529504347,4.599439000592104,0.0,-0.569692924196221
0.0,1.0,-0.5,1,0.016121156401153403,0.004027318947833821,-0.17114639699136827,1.8499999999999999,3.6999999999999997,0.008714138595218057,4.572829581446427,1.8480599116579648,0.1641689489199149,-0.4327910675381042,0.6211727230584416,2.3393232046349817,0.37230163269531613,0.11677563935518265,0.1600868235207648,7.221540396819633,5.23433092673316,15.707332669231704,6.209759842371864,0.0,-0.5705736926785201
0.0,1.0,-0.5,2,0.016534974367013188,0.0026334751843280573,-0.16884232895090917,1.8499999999999999,3.6999999999999997,0.008937823982169291,4.597252507488893,1.7773564131925201,0.16409354185991049,-0.4513955052461859,0.5453888838953427,2.3402421810581986,0.37255148879847805,0.11875481903553009,0.1557322807451511,7.255111208631077,5.226901370385792,15.29249108993141,6.945466988645713,0.0,-0.5699014290224405
0.0,1.0,-0.5,3,0.017726595374572347,0.0033476099863414596,-0.17708235941235126,1.8499999999999999,3.6999999999999997,0.009581943445714782,4.622500640651485,1.8041783696389853,0.1641626671762699,-0.41985297948454414,0.49447681313543523,2.302729330118158,0.36882096014380594,0.11730749905109406,0.15641458619224435,7.1832555541527086,5.20202241743683,14.196599958760515,7.117622695804621,0.0,-0.5701058950622239
0.0,1.0,-0.5,4,0.016513744487548256,0.003810871163567975,-0.17266889433379828,1.8499999999999999,3.6999999999999997,0.008926348371647706,4.614225057393738,1.5287727569518592,0.16422745821366996,-0.46061390741339864,0.5148152432216833,2.319745845918023,0.36859651324882875,0.1163625419139862,0.15454055141978454,7.118598371198665,5.1471602210331096,15.078550106941426,6.64066412214946,0.0,-0.5721598718246739
0.0,1.0,-0.5,5,0.016227203048608335,0.0023408698538851147,-0.17103193184447935,1.8499999999999999,3.6999999999999997,0.008771461107355858,4.358495543384,1.4938475622756822,0.16408125295445136,-0.5463807829061059,0.5020684504301023,2.2839858469685335,0.3632116102162155,0.11624105274677277,0.1537246348925346,7.127370821699889,5.142852752808589,15.331967023608803,4.708549554860203,0.0,-0.5703205725853372
0.0,1.0,-0.5,6,0.01590753387890054,0.0030100786377051953,-0.16617152194719287,1.8499999999999999,3.6999999999999997,0.00859866696156786,4.7506396549384,1.8476652704676049,0.16439202610128723,-0.29944736759245094,0.5575216478401739,2.333211810156647,0.3727720320604843,0.11714081466197968,0.16153999231170987,7.064757755121685,5.1265700031164005,15.59055199945202,5.000841391487407,0.0,-0.5695516819999635
0.0,1.0,-0.5,7,0.01607389749653819,0.0025982376546258208,-0.15610088581790274,1.8499999999999999,3.6999999999999997,0.008688593241371995,4.3967732512971445,1.7997338891856791,0.16423227316157957,-0.4661806550444593,0.5278755239340449,2.3321776794531894,0.3729613651893387,0.11730411648750305,0.15185354938524293,7.040830681003601,5.063686859433296,15.239934600316404,4.626346266395061,0.0,-0.5711498660351035
0.0,1.0,-0.5,8,0.016405607234534655,0.001697440172475969,-0.17600026311316844,1.8499999999999999,3.6999999999999997,0.008867895802451165,4.519693100288186,1.8728339756813577,0.1641975539787516,-0.3732409895300324,0.559121643783545,2.312272748191116,0.3678213814793412,0.11475010961294174,0.15671681188835715,7.076266263534016,5.136103093014038,15.145334841464264,5.4887312612214085,0.0,-0.5703829717551027
0.0,1.0,-0.5,9,0.017238745172022972,0.003106043199916197,-0.17547487281594068,1.8499999999999999,3.6999999999999997,0.009318240633525932,4.896162577960805,1.8932521081345028,0.16419635967737603,-0.3241874622951504,0.6291699439139694,2.3746696320167304,0.3782527362335097,0.11642109602689743,0.15762385282448682,7.20770855032374,5.221172556578206,14.652099313242742,7.019037720393454,0.0,-0.5701995308876399
1.0,-1.0,0.3,0,0.06811087015550828,0.0015398735326962517,-0.0629282936217915,2.408333333333333,4.816666666666666,0.02828133016837714,8.92592199221789,9.228370871859974,0.1590227764238213,4.903363706394321,0.4738787629792892,1.8207650788728642,0.3922994603027967,0.15073223412036896,0.1709256423588559,12.497557617126159,8.971159184094477,6.371909385475823,6.542176611341489,0.0,0.3164497656546441
1.0,-1.0,0.3,1,0.06780768242671596,0.0031380820176021055,-0.05683496552908109,2.408333333333333,4.816666666666666,0.028155439069916664,8.893354256539956,9.110223397742505,0.1590850778725677,4.862801137683619,0.5240699971134191,1.845467300665307,0.3953322436942799,0.150846466422081,0.1717732802741237,12.428474893469403,8.89687226294374,6.347400636968163,6.6607202009424995,0.0,0.3170488669564646
1.0,-1.0,0.3,2,0.06571985357181787,0.0018739869974620518,-0.06814094414352441,2.408333333333333,4.816666666666666,0.027288520514249633,9.027137669237487,8.894545481171923,0.1589909384531035,4.946142484288298,0.5113936196921391,1.7912054781165045,0.38711562122429544,0.1513327807188034,0.16823902723420184,12.52325246970077,8.94576779099778,6.585041110521324,6.9770601776756855,0.0,0.31712608427465017
1.0,-1.0,0.3,3,0.0684825954890957,0.0012237362292947987,-0.06154154778784427,2.408333333333333,4.816666666666666,0.028435679787859807,9.063196250142523,9.064472896623405,0.15904705614826745,4.892579272550485,0.5144404034386936,1.8254205666844563,0.3924866322844408,0.14996576309204102,0.16909854071801012,12.522496530704274,8.94593076089948,6.319500866244341,6.563609293811223,0.0,0.3159681451210235
1.0,-1.0,0.3,4,0.06804508436081555,0.002351755324936658,-0.07011927365944737,2.408333333333333,4.816666666666666,0.028254014267466664,9.092577489551267,9.231834322802554,0.15887931984468462,5.052704277265645,0.47543763838447983,1.8191724559960922,0.3910704551525004,0.1507924646139145,0.1686424679467679,12.47842257360409,8.936483836897962,6.353417198139487,6.6932753056372825,0.0,0.314863467232976
1.0,-1.0,0.3,5,0.0646701812782148,0.002387930075686913,-0.07480704749081037,2.408333333333333,4.816666666666666,0.026852670426940405,8.761843940087399,8.879265500462498,0.15894733183515453,4.907423044791469,0.48738261969946434,1.8342072436986523,0.391329802891979,0.15190349519252777,0.1682320308108506,12.357545794870969,8.813580503153474,6.593040663114566,6.555488531096771,0.0,0.31874766754642136
1.0,-1.0,0.3,6,0.06491301037848854,0.0014166698111558347,-0.07947535424525558,2.408333333333333,4.816666666666666,0.02695349911909559,8.78908217073145,8.95490453697122,0.15910121153860105,4.7777438637400245,0.5186193506611622,1.840085716339382,0.3952693064963086,0.15026026964187622,0.1699268669258404,12.336025716217485,8.814852121629201,6.569324843352127,6.582514130966622,0.0,0.3168310472421899
1.0,-1.0,0.3,7,0.06640753654168514,0.0013489496078742762,-0.07295501243931647,2.408333333333333,4.816666666666666,0.02757406361592463,9.137478805278137,9.22052962611544,0.15912321258635512,4.855285516641488,0.5280022037352344,1.8289767652291025,0.39126719061920584,0.15135377645492554,0.16705804100957863,12.439713232553071,8.865115121974577,6.4580955562228874,6.607355472491486,0.0,0.31745944564328543
1.0,-1.0,0.3,8,0.06693040215373162,0.0008003368290523,-0.06620480738124125,2.408333333333333,4.816666666666666,0.02779117044445604,9.035863565877992,9.051867437152508,0.15900801545571974,4.959268644965022,0.5235399675037554,1.834441855700669,0.3957478103586826,0.1502295732498169,0.17174448690864075,12.505371030393285,8.963722812603747,6.478917363739825,6.878773780151811,0.0,0.31657843529367197
1.0,-1.0,0.3,9,0.06414270147891382,0.0026944276610080687,-0.0747401139033602,2.408333333333333,4.816666666666666,0.026633647672905394,8.669361590735049,8.931749474872449,0.158875383843988,4.972930615768205,0.5275553839693775,1.8265397904215104,0.39535499194227236,0.15110909938812256,0.17045386237031684,12.47813978006749,8.917750488386563,6.725824437686187,6.984527557635205,0.0,0.31805841405465773
1.0,-0.5,0.15,0,0.11054936085373625,-0.0012868019967291534,0.02738842955950391,2.408333333333333,4.816666666666666,0.045902848797399136,12.149792809511224,10.381510557715886,0.16236531939448157,2.374649954976697,0.48519961587739807,1.954015177378102,0.447589867658731,0.15388311445713043,0.16985138293539387,13.090912153671836,9.591495994161694,4.197276411887931,4.667919273617099,0.0,0.14140406251105028
1.0,-0.5,0.15,1,0.10729741666882606,0.0013071926283617229,0.015162939577714307,2.408333333333333,4.816666666666666,0.04455256055452985,11.931044683853443,9.86282488652553,0.1623904148292686,2.390616456351568,0.49096280259963176,1.9252698017120666,0.4476018553483721,0.15359801054000854,0.1697740851329977,12.955710969494204,9.511996715869374,4.288642871677052,4.816145000290074,0.0,0.140677985081127
1.0,-0.5,0.15,2,0.10568550762379203,-0.002867679711609787,0.028530553649265575,2.408333333333333,4.816666666666666,0.043883255760744096,12.09132960614708,9.962175567896857,0.16232060594292927,2.499808138268071,0.556269581939153,1.9257354692765822,0.44305318550620026,0.15411105751991272,0.17243449012258924,12.945886945478266,9.437638340811446,4.320015946626207,5.007156990939895,0.0,0.14233118171217754
1.0,-0.5,0.15,3,0.10980922957103322,-0.0022192843602322197,0.020015044309035702,2.408333333333333,4.816666666666666,0.045595527849563965,12.377026759253495,9.908253883019034,0.1624490154151741,2.3778244770535877,0.522626968479841,1.9146911733627088,0.4420919809769411,0.15459834039211273,0.1692725095815954,12.936531979924007,9.434154973269493,4.1562495770722,4.821568399558461,0.0,0.14125013508664197
1.0,-0.5,0.15,4,0.11005371920473488,-0.002233095418817738,0.020766889574787697,2.408333333333333,4.816666666666666,0.045697046036568115,12.569503358891174,9.938587895399708,0.16228908369937808,2.5890323001344746,0.55267076484753,1.9326912278182906,0.44107354998444603,0.15314935147762299,0.1699564326781473,12.949271659771776,9.472438295357666,4.163844650163999,4.881907781897214,0.0,0.1406457585426931
1.0,-0.5,0.15,5,0.10684541478867342,-0.0011069650574680242,0.020977245685991495,2.408333333333333,4.816666666666666,0.044364878112943984,12.117867486837806,9.946405764055882,0.1623143642530489,2.5050073259276076,0.5842460371233364,1.9531661285349955,0.44756689709518205,0.15403299033641815,0.17352526864983067,12.8959966029139,9.415764383917432,4.263214161757773,5.600069268301621,0.0,0.1426666860742394
1.0,-0.5,0.15,6,0.10919711102164312,-0.002268511399167051,0.02411543462386628,2.408333333333333,4.816666666666666,0.04534136097784489,11.924203138504446,10.005686792033563,0.1624522390951172,2.270125295304417,0.49906706866575634,1.9573925817629123,0.45177136313315813,0.15301743149757385,0.17010797203584122,13.02488003483354,9.533774278075365,4.223681619203715,4.950698719127111,0.0,0.1416117464010433
1.0,-0.5,0.15,7,0.1089407667480981,-0.0010589648753983332,0.022013272935506877,2.408333333333333,4.816666666666666,0.04523492044903728,12.358327558495521,10.130337248794376,0.16250807349847785,2.4460681536424627,0.5437816240877251,1.9436774871509268,0.446149189115123,0.15436124801635742,0.17074682839422667,12.997140264697753,9.500525819619526,4.2188557066708094,5.305799491553104,0.0,0.1406224169253245
1.0,-0.5,0.15,8,0.10673894870763975,-0.001567177677148862,0.02518485496796478,2.408333333333333,4.816666666666666,0.04432067074365665,11.976815764572972,9.870592362328027,0.1623699724957329,2.4104404596383358,0.5413605191820533,1.9365744537618472,0.4442358369983289,0.15380287170410156,0.168947507199043,12.899225162805461,9.398741375912076,4.259751212577636,4.812005455452789,0.0,0.14162445913710908
1.0,-0.5,0.15,9,0.10658807513144497,-0.0032994604430169575,0.013642337275184014,2.408333333333333,4.816666666666666,0.044258024276032516,12.287240269366638,9.969450598803833,0.16225280293829325,2.4524717998858527,0.5639584276649606,1.9700388950733605,0.45279271393949405,0.15496541559696198,0.17021462560111467,12.982319241265655,9.466540687438888,4.29655270317935,5.054630443716142,0.0,0.14166567092764784
1.0,0.0,-0.0,0,0.12378752232187878,0.004915566983913333,0.016411099651680503,2.408333333333333,4.816666666666666,0.05139966324783894,11.285819157872375,10.108099431589928,0.1646036656794968,1.0556473893277862,0.5517062391251353,1.8831570758586815,0.44427345169589644,0.15340299904346466,0.17236437827531306,13.367770330531178,9.985769519504412,3.902492925845748,3.8226400627051063,0.0,-0.03305235932930481
1.0,0.0,-0.0,1,0.12437441491657933,0.00799250342244435,0.002768100552007596,2.408333333333333,4.816666666666666,0.051643355674704225,11.356918953163962,9.769671114748789,0.16466912241661935,1.0120759802822896,0.5878703574265147,1.8994055930936535,0.4445297588408974,0.1522984355688095,0.17076220040937257,13.380010222067499,10.01166192832208,3.8941491567864572,3.9166892254444776,0.0,-0.03394108102727166
1.0,0.0,-0.0,2,0.12122069365993571,0.0043074598882819155,0.015044822865853376,2.408333333333333,4.816666666666666,0.05033385203872763,11.205191171840276,9.883591934961451,0.1645428103195337,1.0421972704710618,0.5822777459897767,1.8735771809893769,0.44384099634829766,0.15268540382385254,0.1726433962777836,13.421871697337124,9.9992872269051,3.9905222406535557,3.682417006121752,0.0,-0.032002221167641856
1.0,0.0,-0.0,3,0.12442116595335528,0.007249855886136086,0.007378623359430982,2.408333333333333,4.816666666666666,0.05166276786990531,11.516915473150675,9.889442311672987,0.16467618342189677,1.0355159575243167,0.6020924187949657,1.8738735605625834,0.4430238789967035,0.15398842096328735,0.17383978964695626,13.401968370892138,9.996597049727379,3.8868284838266307,3.7302413506605503,0.0,-0.03297068665985733
1.0,0.0,-0.0,4,0.12394772657504738,0.005552079250271951,0.006243417529085589,2.408333333333333,4.816666666666666,0.051466184045002375,11.59500779264756,9.892158109894005,0.1645143570126789,1.117731275780481,0.5982759405682385,1.8659261819692938,0.4441878067660066,0.15183711051940918,0.1706096305196952,13.362103957363555,9.968094603393423,3.890550371382288,3.982109612536354,0.0,-0.032696088900352846
1.0,0.0,-0.0,5,0.12440897481138302,0.007259152812168527,0.010067538922266462,2.408333333333333,4.816666666666666,0.051657705804034476,11.515261334820046,10.166087390189375,0.16456630197956815,1.0996305765968013,0.5948887654042169,1.9090806775429525,0.45164823706876683,0.1541244089603424,0.1724513271079661,13.378188671915927,9.962309035583964,3.873876357606625,4.121898098374767,0.0,-0.03193300315577869
1.0,0.0,-0.0,6,0.12413152611536163,0.005742318710063155,0.009654887885757949,2.408333333333333,4.816666666666666,0.05154250219322974,11.281525871531338,9.767180538687311,0.16464863865142457,0.9336656249648796,0.5611824122369772,1.8831333576766265,0.44837183767570327,0.15242928266525269,0.17250906373438507,13.473137993833106,10.065973172395784,3.9229351667300323,3.6681982978464656,0.0,-0.03255144729780579
1.0,0.0,-0.0,7,0.12418698480937287,0.005904752151415077,0.013588161701064815,2.408333333333333,4.816666666666666,0.0515655300246531,11.369348875213635,9.818829669849968,0.16468021974863706,1.004096463296426,0.5890660436211053,1.8650574593106741,0.44177880230182404,0.15383611619472504,0.17181498775190351,13.444395843440244,10.022205448475642,3.9041336405608584,3.74265653021105,0.0,-0.03267230063808904
1.0,0.0,-0.0,8,0.1236715073224517,0.005622177488462422,0.008474743891151503,2.408333333333333,4.816666666666666,0.05135149092973774,11.385014908291305,10.009931316426506,0.1645947635896496,1.1345362101454344,0.6185462313192783,1.8732420049424323,0.4426739921203606,0.1533190757036209,0.17003191830212275,13.318994831969375,9.910973547207746,3.8768957223531593,3.774112077999927,0.0,-0.03330449808328558
1.0,0.0,-0.0,9,0.12278584385458781,0.005361643199214113,0.004663860504920436,2.408333333333333,4.816666666666666,0.050983741392908434,11.449557509480314,9.850532983591567,0.16456255055861763,1.1013787223198228,0.6101965257242584,1.899053749038158,0.4484501910346867,0.1524290293455124,0.1730167465866421,13.3627277375033,9.968207268809897,3.9274097804463697,4.026292262936235,0.0,-0.03371834323627754
1.0,0.5,-0.25,0,0.08664472250238954,-0.006714203813825442,-0.05584367280058307,2.408333333333333,4.816666666666666,0.03597704740583649,7.772210380518313,5.781606940169762,0.1653561207429714,0.16119998326267806,0.46784340104293776,1.8342500082721305,0.40694268900813735,0.1423223465681076,0.1559475709849713,11.141659138350937,8.107320144384536,4.526605686753977,3.7550401897008907,0.0,-0.31301631473977043
1.0,0.5,-0.25,1,0.08621554475357188,-0.004182659199033025,-0.06610831201539744,2.408333333333333,4.816666666666666,0.03579884211220978,7.737881798231016,5.633914795624866,0.1654369960367161,0.1067949649269906,0.5283745699270872,1.8390904421800118,0.4082882770998574,0.14233526587486267,0.15633320454682714,11.10785605457056,8.064333800980872,4.525018677950384,4.411808403737343,0.0,-0.3142398329191532
1.0,0.5,-0.25,2,0.08547615855265817,-0.00627120995730929,-0.0630124896394447,2.408333333333333,4.816666666666666,0.03549183054089613,7.511271534981684,5.741455773196186,0.16529967595477763,0.20302555056575394,0.4852788663472709,1.8181677720969283,0.4051226932527827,0.1417495757341385,0.1537269670233914,11.089793570767055,8.020422054368149,4.539308335372878,5.169354342877186,0.0,-0.3136240536280209
1.0,0.5,-0.25,3,0.08779074843361988,-0.00510196656646769,-0.06208090089045095,2.408333333333333,4.816666666666666,0.036452905923994416,8.018711877425568,5.776158132608853,0.16541727264174308,0.15267607590267973,0.4842483565479759,1.8599285829311285,0.412549064760603,0.14260974526405334,0.15611124819407696,11.18688343483589,8.11523542751197,4.471876786126193,4.9641104404102,0.0,-0.31325314706242413
1.0,0.5,-0.25,4,0.08730318562838829,-0.006116470375546814,-0.06992768528548356,2.408333333333333,4.816666666666666,0.03625045770036884,7.798298856380367,5.705224320125528,0.16534958574842026,0.11887036338646079,0.5596990752037923,1.8292478470017952,0.412152037114737,0.14104138314723969,0.15409281242505507,11.145929901892,8.088979873918047,4.4823020665407505,4.360191207009441,0.0,-0.3132768406126571
1.0,0.5,-0.25,5,0.08600666810766419,-0.003954839519424044,-0.061361913141611345,2.408333333333333,4.816666666666666,0.03571211132498167,7.540844615100211,5.612074984257439,0.16535974579007495,0.10202521443393484,0.4883963788326703,1.8617221561007973,0.4152248581772569,0.141039177775383,0.15481692256933904,11.101422844828404,8.06699265033032,4.537503726674534,3.033504344603317,0.0,-0.3136852815986658
1.0,0.5,-0.25,6,0.0853300668353374,-0.005462181734982044,-0.05990071203686758,2.408333333333333,4.816666666666666,0.035431169620209306,7.415003205717222,5.680325758364587,0.16539376781890203,0.07619436379819977,0.5033766218261965,1.833081372811943,0.4099627781449841,0.14278273284435272,0.15496005833746174,11.051755349291286,8.00182854868207,4.536538624460839,3.193981530104561,0.0,-0.31378310903369844
1.0,0.5,-0.25,7,0.08723831984555809,-0.005942820662294719,-0.059920801916274705,2.408333333333333,4.816666666666666,0.0362235238113044,7.783051804301227,5.821011274109704,0.16548763021701438,0.13976102424127482,0.5259941716864006,1.8215134889863016,0.40788238181290803,0.14264409244060516,0.1558600589631429,11.12789305945958,8.077347260512674,4.4791841592482555,3.008763954087775,0.0,-0.31361040987873334
1.0,0.5,-0.25,8,0.08606685659608451,-0.006324036037411002,-0.05985002016444862,2.408333333333333,4.816666666666666,0.03573710308487938,7.561576682128762,5.680214758161212,0.1653928839452855,0.1185157785161234,0.45963224462007807,1.8363059593030968,0.40991071040779753,0.14260829985141754,0.15262414826979132,11.106937734511435,8.061339877421306,4.5311532129261725,3.1124663410179023,0.0,-0.31366032466428573
1.0,0.5,-0.25,9,0.08631265310241594,-0.005426969209785882,-0.059257140226023255,2.408333333333333,4.816666666666666,0.035839163917958175,7.815779291752964,5.634520394221125,0.16532846457717257,0.19517169928440237,0.5409920809225206,1.8489146450547966,0.412549940870044,0.1406886875629425,0.15556124082885683,11.071998739998586,8.06070754824316,4.517895229618506,5.374631578305247,0.0,-0.313787200639792
1.0,1.0,-0.5,0,0.017731233475544565,0.0034708347736059153,-0.14375833294945067,2.408333333333333,4.816666666666666,0.007362449886039266,3.7271001282037663,0.48346585803812775,0.16498468278027426,-0.7129117890048078,0.5141198444076978,1.6178019195754476,0.325000966102318,0.1198936253786087,0.1269303866165958,7.413797313481285,4.901030341655793,13.371677685602668,4.731495213836997,0.0,-0.5726966904536862
1.0,1.0,-0.5,1,0.018006634013795295,0.0048661699041052265,-0.15585677666072012,2.4,4.8,0.007502764172414707,3.9097985358684553,0.46979614121044805,0.16509083487172896,-0.6914311488435837,0.48330367744070873,1.6150992155767792,0.32434708062691264,0.1199483573436737,0.13354943754889767,7.364540994546483,4.872609854827615,13.09081117571519,6.435269023764237,0.0,-0.5731026355803209
1.0,1.0,-0.5,2,0.016064254491863654,0.00584926188314449,-0.14522136086812334,2.4,4.8,0.006693439371609856,3.6326170578444374,0.4246954453738208,0.16532981828660379,-0.661125765539382,0.4564614565536594,1.5311863081537636,0.30922537567185954,0.11666041612625122,0.12965570879950938,7.158512986897998,4.742069934469868,14.280546765330996,7.32404669454991,0.0,-0.573075558738459
1.0,1.0,-0.5,3,0.017337454394546852,0.005032032755405179,-0.14583638811146443,2.4,4.8,0.007223939331061188,3.756925064844566,0.482806654396361,0.16516007576052621,-0.705753299500483,0.5277556772969395,1.6148332704971815,0.32444892402419817,0.12001024186611176,0.1322379628464281,7.354723012251054,4.862635858226086,13.568251142171283,7.200905253527442,0.0,-0.5728947487185163
1.0,1.0,-0.5,4,0.0181907759034573,0.004198900134246503,-0.15614862539102892,2.4,4.8,0.007579489959773876,3.811601164869494,0.4740398824447591,0.16525226652129452,-0.7241064471118419,0.5150579862306125,1.6097632847407848,0.3236239715746414,0.11918801814317703,0.13162847755242355,7.26445495321541,4.807446491658382,12.7849988210139,6.380405923230833,0.0,-0.5729286784034928
1.0,1.0,-0.5,5,0.017660724804177026,0.004773885253181047,-0.1604226022121647,2.4,4.8,0.007358635335073761,3.8798774663379114,0.5360213798515294,0.16517333199827386,-0.7003115337568016,0.5875376364464729,1.609971134312081,0.32375085763581196,0.118109330534935,0.13144003347946176,7.380487841840959,4.924271858756388,13.488726691340332,3.985690374994957,0.0,-0.5726181147443508
1.0,1.0,-0.5,6,0.018243717926238967,0.003954340347319657,-0.15643162387448842,2.408333333333333,4.816666666666666,0.0075752461977462845,3.81668231668331,0.5471281156273324,0.16515266462097555,-0.6776574850526549,0.5804508603102264,1.5798930041706087,0.3218454699814852,0.11806374788284302,0.1307242770515782,7.248647901760651,4.8072941032391086,12.74749353995686,4.413051878719309,0.0,-0.5724616728471584
1.0,1.0,-0.5,7,0.016260970797041967,0.0048132860382070035,-0.15101105064724202,2.4,4.8,0.006775404498767486,3.8065219960885748,0.47401361107532847,0.16518822812804645,-0.6672558920851249,0.49840441556158777,1.5899855531628821,0.3212491336161613,0.11812078207731247,0.12919835576260755,7.2421504685466935,4.804693515333879,14.294095420078502,4.29925925219789,0.0,-0.5732027988672047
1.0,1.0,-0.5,8,0.017952509800964606,0.00359784751326798,-0.15933730066938545,2.408333333333333,4.816666666666666,0.007454329329120252,3.7908326074714527,0.5487390234442378,0.16501698550876548,-0.6563673583458922,0.4711315664258978,1.659685783125223,0.33411181310280474,0.11768928915262222,0.128807219880716,7.372075330186193,4.902700586236664,13.21136391402338,4.193153258527001,0.0,-0.5727784799107597
1.0,1.0,-0.5,9,0.016760510049673886,0.004232771136983624,-0.14519116856358716,2.408333333333333,4.816666666666666,0.006959381335504728,3.8592321451172564,0.5017951923124752,0.16506793114171225,-0.5868830308711958,0.5425376685220001,1.6028622976729239,0.3242904568474523,0.11762053519487381,0.13184348449071076,7.3437743581385435,4.885899568090169,14.102456271179573,7.9271996851501205,0.0,-0.5721777174799134
